author;author_type;url;location;deal_type;accommodation_type;floor;floors_count;rooms_count;total_meters;price;district;street;house_number;underground;residential_complex
VESPER;developer;https://www.cian.ru/sale/flat/262519758/;Москва;sale;flat;5;21;2;110.6;103787040;Пресненский; Костикова;4к1;Улица 1905 года;Lucky
SHOW ME;real_estate_agent;https://www.cian.ru/sale/flat/302081797/;Москва;sale;flat;2;10;2;69.4;85000000;Тверской; Палиха;4;Менделеевская;Клубный дом Maison Rouge
MR Group;developer;https://www.cian.ru/sale/flat/294196808/;Москва;sale;flat;33;41;2;75.2;38352000;Филевский парк;Багратионовский проезд;5Ак1;Фили;Filicity
ID 85604823;unknown;https://www.cian.ru/sale/flat/299429352/;Москва;sale;flat;38;51;2;63.0;36000000;Пресненский;Шмитовский проезд;39к8;Шелепиха;Headliner
Галс-Девелопмент;developer;https://www.cian.ru/sale/flat/303040420/;Москва;sale;flat;4;6;2;74.91;124200780;Замоскворечье;Космодамианская набережная;4/22С8;Новокузнецкая;Клубный дом Космо 4/22
SHOW ME;real_estate_agent;https://www.cian.ru/sale/flat/276019027/;Москва;sale;flat;6;6;2;130.0;58000000;Беговой; 3-я Ямского Поля;9;Белорусская;Art Residence
Главстрой;developer;https://www.cian.ru/sale/flat/296921240/;Москва;sale;flat;3;26;2;65.8;27526142;Филевский парк;Береговой проезд;2;Народное Ополчение;Береговой-2
САДОВЫЕ КВАРТАЛЫ;real_estate_agent;https://www.cian.ru/sale/flat/303087931/;Москва;sale;flat;7;15;2;120.0;149500000;Хамовники; Усачева;15;Спортивная;Садовые кварталы
Среда;developer;https://www.cian.ru/sale/flat/303859205/;Москва;sale;flat;6;27;2;53.6;20630640;Очаково-Матвеевское;Очаково мкр;;Аминьевская;Среда на Лобачевского
NF Group - ex-Knight Frank;real_estate_agent;https://www.cian.ru/sale/flat/298050405/;Москва;sale;flat;7;9;2;108.3;169000000;Тверской;1-я Тверская-Ямская ;2;Маяковская;Vesper Tverskaya
VESPER;developer;https://www.cian.ru/sale/flat/286258299/;Москва;sale;flat;5;9;2;104.2;143796000;Тверской;1-я Тверская-Ямская ;2;Маяковская;Vesper Tverskaya
GRAND ESTATE - Премиальная недвижимость;real_estate_agent;https://www.cian.ru/sale/flat/302837942/;Москва;sale;flat;8;18;2;84.0;62750000;Тверской; Александра Невского;27;Белорусская;
Галс-Девелопмент;developer;https://www.cian.ru/sale/flat/303040534/;Москва;sale;flat;3;8;2;75.2;50308800;Замоскворечье;Шлюзовая набережная;2/1С1;Павелецкая;Элитный жилой комплекс 
NIKA ESTATE;real_estate_agent;https://www.cian.ru/sale/flat/303589233/;Москва;sale;flat;8;18;2;84.0;62750000;Тверской; Александра Невского;27;Белорусская;
Галс-Девелопмент;developer;https://www.cian.ru/sale/flat/302186750/;Москва;sale;flat;19;27;2;73.0;33653000;Басманный; Фридриха Энгельса;56;Бауманская;Премиум-квартал 
ID 111240424;homeowner;https://www.cian.ru/sale/flat/300143306/;Москва;sale;flat;38;52;2;63.0;36000000;Пресненский;Шмитовский проезд;39к1;Шелепиха;Headliner
PIONEER;developer;https://www.cian.ru/sale/flat/301513284/;Москва;sale;flat;4;22;2;47.2;24921930;Марьина роща;Полковая ;1С12;Савёловская;PRIDE
Kalinka Group;real_estate_agent;https://www.cian.ru/sale/flat/301493797/;Москва;sale;flat;9;32;2;63.0;50700000;Дорогомилово;Поклонная ;9;Поклонная;Поклонная 9
Рублево-Архангельское;developer;https://www.cian.ru/sale/flat/298516517/;Москва;sale;flat;2;11;2;47.0;24769000;;;В14 кв-л;Павшино;Сберсити ЖК
ID 86900871;realtor;https://www.cian.ru/sale/flat/297947020/;Москва;sale;flat;2;3;2;46.3;56000000;Басманный; Маросейка;11/4С1;Китай-город;
MR Group;developer;https://www.cian.ru/sale/flat/299093508/;Москва;sale;flat;11;41;2;58.5;33468738;Даниловский;Дубининская ;59к7;Серпуховская;Павелецкая Сити
ID 112591621;homeowner;https://www.cian.ru/sale/flat/301839935/;Москва;sale;flat;13;45;2;51.0;31500000;Дорогомилово;Кутузовский проезд;16А/1;Деловой центр;River Park Кутузовский
Главстрой;developer;https://www.cian.ru/sale/flat/301772281/;Москва;sale;flat;2;8;2;48.83;24219680;Котловка;31/2;31/2;Профсоюзная;Новые Академики ЖК
BARNES International Realty;real_estate_agent;https://www.cian.ru/sale/flat/302383452/;Москва;sale;flat;63;65;2;86.0;96000000;Пресненский;1-й Красногвардейский проезд;22с1;Москва-Сити;NEVA TOWERS
ANT Development;developer;https://www.cian.ru/sale/flat/303519421/;Москва;sale;flat;2;10;2;59.8;66618396;Дорогомилово;;3к8;Поклонная;Виктори Парк Резиденсез ЖК
Life Style;real_estate_agent;https://www.cian.ru/sale/flat/294212104/;Москва;sale;flat;34;78;2;76.1;62000000;Пресненский;1-й Красногвардейский проезд;22с2;Москва-Сити;NEVA TOWERS
Абсолют Недвижимость;developer;https://www.cian.ru/sale/flat/304065659/;Москва;sale;flat;4;17;2;49.8;53567000;Хамовники;;;Воробьёвы горы;Коллекция Лужники ЖК
Whitewill;real_estate_agent;https://www.cian.ru/sale/flat/303753500/;Москва;sale;flat;3;5;2;69.3;52000000;Хорошевский;Ленинградский проспект;37/5;Аэропорт;Прайм Парк
ANT Development;developer;https://www.cian.ru/sale/flat/303519450/;Москва;sale;flat;22;34;2;50.6;59236384;Дорогомилово;Поклонная ;9;Поклонная;Поклонная 9
Century 21 Street Realty;real_estate_agent;https://www.cian.ru/sale/flat/295800676/;Москва;sale;flat;4;17;2;44.5;39500000;Пресненский;Звенигородское шоссе;11;Улица 1905 года;Дизайнерский дом Eleven
Tekta Group;developer;https://www.cian.ru/sale/flat/301260478/;Москва;sale;flat;5;27;2;40.5;24036750;Даниловский;;;Павелецкая;Era
UINVEST;real_estate_agent;https://www.cian.ru/sale/flat/295055371/;Москва;sale;flat;6;16;1;38.7;9490000;;;к2.4;Румянцево;Тропарево Парк
COLDY;developer;https://www.cian.ru/sale/flat/303330158/;Москва;sale;flat;2;15;2;70.8;54813512;Даниловский; Серпуховский Вал;7;Тульская;Дом 7 Даниловский
Whitewill;real_estate_agent;https://www.cian.ru/sale/flat/301565559/;Москва;sale;flat;5;21;2;117.0;120000000;Пресненский; Костикова;4к1;Улица 1905 года;Lucky
Hutton Development;developer;https://www.cian.ru/sale/flat/303616433/;Москва;sale;flat;5;6;2;75.6;181440000;Якиманка;Софийская набережная;34С3;Новокузнецкая;Клубный дом DUO
SHOW ME;real_estate_agent;https://www.cian.ru/sale/flat/272186797/;Москва;sale;flat;11;24;2;46.5;21900000;Головинский;Головинское шоссе;11;Водный стадион;Талисман на Водном
Рублево-Архангельское;developer;https://www.cian.ru/sale/flat/301919896/;Москва;sale;flat;2;7;2;72.1;26958190;;;В17 кв-л;Опалиха;Сберсити ЖК
SHOW ME;real_estate_agent;https://www.cian.ru/sale/flat/272003903/;Москва;sale;flat;5;6;2;43.0;27500000;Беговой; 3-я Ямского Поля;9;Белорусская;Art Residence
Киноцентр;developer;https://www.cian.ru/sale/flat/302253810/;Москва;sale;flat;7;20;2;54.85;54795150;Пресненский;Дружинниковская ;15;Краснопресненская;SkyView
Бюро Эстейт Городская недвижимость;real_estate_agent;https://www.cian.ru/sale/flat/301212653/;Москва;sale;flat;2;24;2;57.4;26000000;Хорошево-Мневники;Шелепихинская набережная;40к2;Шелепиха;Sydney City
СИТИ21;developer;https://www.cian.ru/sale/flat/292035501/;Москва;sale;flat;14;15;2;75.8;41390372;Останкинский;проспект Мира;95;Алексеевская;Hill8
Villagio Realty;real_estate_agent;https://www.cian.ru/sale/flat/303902201/;Москва;sale;flat;17;24;2;45.0;37000000;Хорошевский;Хорошевское шоссе;25Ак2;Полежаевская;Династия
MR Group;developer;https://www.cian.ru/sale/flat/300287958/;Москва;sale;flat;33;43;2;58.83;27333836;Савеловский;2-я Хуторская ;34;Дмитровская;SYMPHONY 34
BARNES International Realty;real_estate_agent;https://www.cian.ru/sale/flat/300942839/;Москва;sale;flat;2;7;2;82.6;38000000;Беговой;Ленинградский проспект;15С28;Белорусская;Bolshevik
Мангазея;developer;https://www.cian.ru/sale/flat/301581592/;Москва;sale;flat;9;21;2;74.2;36238909;Щукино;Щукинская ;;Щукинская;Интонация
White and Broughton;real_estate_agent;https://www.cian.ru/sale/flat/299860953/;Москва;sale;flat;9;41;1;40.5;27000000;Хорошевский;Ленинградский проспект;37/3;Аэропорт;Прайм Парк
Tekta Group;developer;https://www.cian.ru/sale/flat/303224329/;Москва;sale;flat;7;34;2;41.4;21296160;Обручевский;;;Воронцовская;Эвер ЖК
White and Broughton;real_estate_agent;https://www.cian.ru/sale/flat/299890518/;Москва;sale;flat;9;40;1;41.5;32000000;Хорошевский;Ленинградский проспект;37/4;ЦСКА;Прайм Парк
Tekta Group;developer;https://www.cian.ru/sale/flat/301259751/;Москва;sale;flat;23;42;2;41.6;25837760;Котловка;Севастопольский проспект;22А;Нагорная;Eniteo
White and Broughton;real_estate_agent;https://www.cian.ru/sale/flat/301550653/;Москва;sale;flat;13;41;1;41.5;31000000;Хорошевский;Ленинградский проспект;37/6;Аэропорт;Прайм Парк
Рублево-Архангельское;developer;https://www.cian.ru/sale/flat/293721204/;Москва;sale;flat;3;13;2;82.36;44400276;;;В20 кв-л;Павшино;Сберсити ЖК
White and Broughton;real_estate_agent;https://www.cian.ru/sale/flat/292933473/;Москва;sale;flat;16;40;1;41.1;31500000;Хорошевский;Ленинградский проспект;37/4;ЦСКА;Прайм Парк
Рублево-Архангельское;developer;https://www.cian.ru/sale/flat/298516183/;Москва;sale;flat;2;12;2;85.94;38612842;;;В19 кв-л;Павшино;Сберсити ЖК
White and Broughton;real_estate_agent;https://www.cian.ru/sale/flat/301763282/;Москва;sale;flat;39;41;2;56.9;40000000;Хорошевский;Ленинградский проспект;37/6;Аэропорт;Прайм Парк
Пионер;developer;https://www.cian.ru/sale/flat/301459955/;Москва;sale;flat;4;11;2;85.3;70625414;Даниловский;;;Павелецкая;Опус ЖК
NF Group - ex-Knight Frank;real_estate_agent;https://www.cian.ru/sale/flat/303582856/;Москва;sale;flat;4;21;2;56.2;60000000;Пресненский;2-я Звенигородская ;16;Улица 1905 года;Lucky
Рублево-Архангельское;developer;https://www.cian.ru/sale/flat/299934989/;Москва;sale;flat;4;13;2;81.26;34421736;;;В21 кв-л;Опалиха;Сберсити ЖК
NF Group - ex-Knight Frank;real_estate_agent;https://www.cian.ru/sale/flat/298050415/;Москва;sale;flat;11;13;2;83.0;99000000;Хамовники; Усачева;15А;Спортивная;Садовые кварталы
MR Group;developer;https://www.cian.ru/sale/flat/302792260/;Москва;sale;flat;4;13;2;85.76;106073457;Мещанский;Садовая-Сухаревская ;14;Цветной бульвар;Клубный дом Forum
BARNES International Realty;real_estate_agent;https://www.cian.ru/sale/flat/303677788/;Москва;sale;flat;2;6;2;60.5;57475000;Пресненский;Большой Предтеченский переулок;22;Улица 1905 года;
Ташир;developer;https://www.cian.ru/sale/flat/264100219/;Москва;sale;flat;28;32;2;78.1;33753258;Черемушки;Херсонская ;43к5;Зюзино;ONYX Deluxe
Whitewill Москва-Сити;real_estate_agent;https://www.cian.ru/sale/flat/303800679/;Москва;sale;flat;50;64;2;85.0;63000000;Пресненский;1-й Красногвардейский проезд;22с2;Москва-Сити;NEVA TOWERS
EraOneHolding;developer;https://www.cian.ru/sale/flat/280427150/;Москва;sale;flat;3;5;2;178.6;150400000;Арбат; Арбат;39;Смоленская;Artisan
ID 116872018;realtor;https://www.cian.ru/sale/flat/304010195/;Москва;sale;flat;48;69;2;70.0;67200000;Пресненский;Краснопресненская набережная;14Ак2;Москва-Сити;Capital Towers
Regions Development;developer;https://www.cian.ru/sale/flat/304060514/;Москва;sale;flat;2;23;2;72.1;35109224;Нагатинский затон;проспект Андропова;9/1к2;Технопарк;Dream Towers
Novel Estates;real_estate_agent;https://www.cian.ru/sale/flat/301247847/;Москва;sale;flat;15;77;2;98.0;90000000;Пресненский;1-й Красногвардейский проезд;22с1;Москва-Сити;NEVA TOWERS
Regions Development;developer;https://www.cian.ru/sale/flat/303838127/;Москва;sale;flat;2;14;2;40.94;18353366;Преображенское;Жилой комплекс Преображенская площадь;;Преображенская площадь;Преображенская площадь
Ramenky Realty;real_estate_agent;https://www.cian.ru/sale/flat/303087894/;Москва;sale;flat;9;14;2;99.71;118450000;Хамовники; Усачева;15А;Спортивная;Садовые кварталы
Трансстройинвест;developer;https://www.cian.ru/sale/flat/301925930/;Москва;sale;flat;11;23;2;44.1;21442891;Очаково-Матвеевское;Очаково мкр;;Озёрная;ОМ ЖК
ФСК Агент;real_estate_agent;https://www.cian.ru/sale/flat/300074305/;Москва;sale;flat;5;38;1;39.8;20000000;Останкинский; Вильгельма Пика;;Ботанический сад;Режиссёр
Концерн КРОСТ;developer;https://www.cian.ru/sale/flat/299370748/;Москва;sale;flat;3;6;2;44.0;23232000;Хорошево-Мневники; Саляма Адиля;2А;Народное Ополчение;Wellton SPA Residence
NIKA ESTATE;real_estate_agent;https://www.cian.ru/sale/flat/303635688/;Москва;sale;flat;2;5;2;106.0;160000000;Тверской;Никольская ;10;Площадь Революции;St. Nickolas
Ташир;developer;https://www.cian.ru/sale/flat/274701405/;Москва;sale;flat;2;17;2;43.3;27062500;Раменки;Мичуринский проспект;вл30Б;Ломоносовский проспект;Legacy
ФСК Агент;real_estate_agent;https://www.cian.ru/sale/flat/298216770/;Москва;sale;flat;13;44;2;73.2;29500000;Хорошево-Мневники;к2/2;к2/2;Шелепиха;Сидней Сити ЖК
Сбербанк Капитал;developer;https://www.cian.ru/sale/flat/288177346/;Москва;sale;flat;2;7;2;112.8;118321582;Якиманка;Софийская набережная;36;Новокузнецкая;Резиденция 1864
Whitewill;real_estate_agent;https://www.cian.ru/sale/flat/299509241/;Москва;sale;flat;24;24;2;57.4;39000000;Хорошево-Мневники;Шелепихинская набережная;34к3зд7;Шелепиха;Сердце Столицы
COLDY;developer;https://www.cian.ru/sale/flat/297997312/;Москва;sale;flat;2;14;2;147.05;303725598;Хамовники;переулок 1-й Тружеников;12;Киевская;Хамовники 12
Whitewill;real_estate_agent;https://www.cian.ru/sale/flat/303137027/;Москва;sale;flat;2;5;2;106.0;160000000;Тверской;Никольская ;10;Площадь Революции;St. Nickolas
Стадион Спартак;developer;https://www.cian.ru/sale/flat/298406172/;Москва;sale;flat;4;13;2;66.7;32609630;Покровское-Стрешнево;Северо-Западный ао;;Спартак;Клубный Город на Реке Примавера ЖК
Novel Estates;real_estate_agent;https://www.cian.ru/sale/flat/304063027/;Москва;sale;flat;2;16;2;59.0;36500000;Хамовники;Фрунзенская набережная;50;Спортивная;
Sminex;developer;https://www.cian.ru/sale/flat/303125490/;Москва;sale;flat;11;14;2;67.1;38790000;Раменки;проспект Генерала Дорохова;39к2М;Ломоносовский проспект;Собрание клубных домов West Garden
NF Group - ex-Knight Frank;real_estate_agent;https://www.cian.ru/sale/flat/303071841/;Москва;sale;flat;19;32;1;32.2;25000000;Пресненский;Шмитовский проезд;39к2;Шелепиха;Headliner
Sense Development;developer;https://www.cian.ru/sale/flat/300501957/;Москва;sale;flat;7;13;2;64.9;35782232;Даниловский;Подольское шоссе;3;Тульская;Logos
Whitewill;real_estate_agent;https://www.cian.ru/sale/flat/303337092/;Москва;sale;flat;3;7;2;91.2;80000000;Басманный;Гороховский переулок;12с5;Курская;Гороховский 12
КРОСТ;developer;https://www.cian.ru/sale/flat/296745429/;Москва;sale;flat;26;28;2;47.5;22182500;Хорошево-Мневники; Генерала Глаголева;;;CRYSTAL Трилогия
ALFA real estate;real_estate_agent;https://www.cian.ru/sale/flat/300967746/;Москва;sale;flat;6;24;2;40.0;16500000;Митино;Муравская ;46к3;Пятницкое шоссе;Эко-квартал Аквилон Митино
Sminex;developer;https://www.cian.ru/sale/flat/304094767/;Москва;sale;flat;3;24;2;55.9;77660000;Пресненский;Электрический переулок;1кАБ;Белорусская;Квартал Тишинский бульвар
ALFA real estate;real_estate_agent;https://www.cian.ru/sale/flat/300964449/;Москва;sale;flat;20;22;2;38.4;15500000;Южное Тушино;бульвар Яна Райниса;45К2;Сходненская;
Sminex;developer;https://www.cian.ru/sale/flat/293713880/;Москва;sale;flat;2;14;2;85.6;168270000;Якиманка;;;Боровицкая;Лаврушинский ЖК
MHEstate - Элитная недвижимость;real_estate_agent;https://www.cian.ru/sale/flat/303820905/;Москва;sale;flat;10;14;1;65.2;35000000;Мещанский; Гиляровского;50;Проспект Мира;
VESPER;developer;https://www.cian.ru/sale/flat/287317369/;Москва;sale;flat;5;21;1;65.9;78259545;Пресненский; Костикова;4к1;Улица 1905 года;Lucky
ALFA real estate;real_estate_agent;https://www.cian.ru/sale/flat/301407636/;Москва;sale;flat;21;22;1;38.5;15500000;Южное Тушино;бульвар Яна Райниса;45К2;Сходненская;
MR Group;developer;https://www.cian.ru/sale/flat/303224692/;Москва;sale;flat;12;44;2;61.78;29208367;Марьина роща; 4-я Марьиной рощи;12К3;Марьина Роща;Mod
GLINCOM;official_representative;https://www.cian.ru/sale/flat/297952301/;Москва;sale;flat;2;6;2;90.0;34900000;Алексеевский;проспект Мира;102к2;Алексеевская;Парк Мира
Группа Родина;developer;https://www.cian.ru/sale/flat/285606685/;Москва;sale;flat;2;23;2;62.5;31200000;Ростокино;;к2;Ботанический сад;Союз ЖК
Marry Lane Group;real_estate_agent;https://www.cian.ru/sale/flat/303980600/;Москва;sale;flat;4;10;2;44.3;34000000;Беговой; 1-я Ямского Поля;1к1;Белорусская;Slava
EraOneHolding;developer;https://www.cian.ru/sale/flat/284404561/;Москва;sale;flat;8;8;2;121.2;159473684;Арбат; Арбат;24;Смоленская;Turandot Residences
NF Group - ex-Knight Frank;real_estate_agent;https://www.cian.ru/sale/flat/289514736/;Москва;sale;flat;2;5;2;64.0;166400000;Хамовники;Пречистенская набережная;43;Кропоткинская;Carré Blanc
Галс-Девелопмент;developer;https://www.cian.ru/sale/flat/303040427/;Москва;sale;flat;4;6;1;51.2;57190400;Замоскворечье;Космодамианская набережная;4/22С9;Новокузнецкая;Клубный дом Космо 4/22
ЛИДЕР Риэлти;real_estate_agent;https://www.cian.ru/sale/flat/302153674/;Москва;sale;flat;9;41;1;40.4;31500000;Хорошевский;Ленинградский проспект;37/6;Аэропорт;Прайм Парк
Главстрой;developer;https://www.cian.ru/sale/flat/298342644/;Москва;sale;flat;5;20;1;41.0;22168987;Филевский парк;Береговой проезд;2;Народное Ополчение;Береговой-2
ЛИДЕР Риэлти;real_estate_agent;https://www.cian.ru/sale/flat/303476125/;Москва;sale;flat;13;40;2;47.3;41150000;Хорошевский;Ленинградский проспект;37/3;Аэропорт;Прайм Парк
GloraX;developer;https://www.cian.ru/sale/flat/303476931/;Москва;sale;flat;10;21;2;67.62;38059999;Беговой; 1-я Ямского Поля;28С3;Белорусская;GloraX Premium Белорусская
ЛИДЕР Риэлти;real_estate_agent;https://www.cian.ru/sale/flat/303769583/;Москва;sale;flat;27;41;2;70.0;53900000;Хорошевский;Ленинградский проспект;37/5;Аэропорт;Прайм Парк
Среда;developer;https://www.cian.ru/sale/flat/303626069/;Москва;sale;flat;3;27;1;35.3;14988380;Очаково-Матвеевское;Очаково мкр;;Аминьевская;Среда на Лобачевского
Point Estate Город;real_estate_agent;https://www.cian.ru/sale/flat/301035843/;Москва;sale;flat;3;7;2;99.0;80000000;Басманный;Гороховский переулок;12;Курская;Гороховский 12
Ташир;developer;https://www.cian.ru/sale/flat/302722354/;Москва;sale;flat;2;16;2;46.8;23868000;Даниловский; Серпуховский Вал;1;Тульская;DECO RESIDENCE (Апартаменты премиум-класса)
Marry Lane Group;real_estate_agent;https://www.cian.ru/sale/flat/292853214/;Москва;sale;flat;36;41;2;58.3;33000000;Раменки;1-й Сетуньский проезд;вл8;Кутузовская;Hide
VESPER;developer;https://www.cian.ru/sale/flat/289484529/;Москва;sale;flat;8;9;1;64.5;89010000;Тверской;1-я Тверская-Ямская ;2;Маяковская;Vesper Tverskaya
ЛИДЕР Риэлти;real_estate_agent;https://www.cian.ru/sale/flat/302153579/;Москва;sale;flat;12;41;1;41.9;30900000;Хорошевский;Ленинградский проспект;37/6;Аэропорт;Прайм Парк
Sminex;developer;https://www.cian.ru/sale/flat/303262395/;Москва;sale;flat;2;21;2;59.52;27900000;Марфино; Академика Королева;21;Бутырская;Дом Достижение
NF Group - ex-Knight Frank;real_estate_agent;https://www.cian.ru/sale/flat/301258691/;Москва;sale;flat;2;21;2;57.23;59000000;Пресненский;2-я Звенигородская ;16;Улица 1905 года;Lucky
Forma;developer;https://www.cian.ru/sale/flat/297983491/;Москва;sale;flat;5;29;2;64.8;29626560;Аэропорт;Часовая ;28к8;Сокол;SOUL
Whitewill;real_estate_agent;https://www.cian.ru/sale/flat/294872333/;Москва;sale;flat;17;18;2;117.0;179000000;Пресненский;2-я Звенигородская ;11;Улица 1905 года;Резиденция МОНЭ
Группа Родина;developer;https://www.cian.ru/sale/flat/303533945/;Москва;sale;flat;4;14;2;49.8;26021300;Можайский;;;Давыдково;Родина Парк ЖК
Whitewill;real_estate_agent;https://www.cian.ru/sale/flat/300701528/;Москва;sale;flat;11;41;2;67.1;33000000;Хорошево-Мневники;Шелепихинская набережная;34к6;Шелепиха;Сердце Столицы
Трансстройинвест;developer;https://www.cian.ru/sale/flat/301764354/;Москва;sale;flat;2;8;2;63.6;88149600;Мещанский;Большой Кисельный переулок;11/2с2;Тургеневская;Frank's house
ЛИДЕР Риэлти;real_estate_agent;https://www.cian.ru/sale/flat/303615601/;Москва;sale;flat;12;41;1;41.9;30900000;Хорошевский;Ленинградский проспект;37/6;Аэропорт;Прайм Парк
Галс-Девелопмент;developer;https://www.cian.ru/sale/flat/303040538/;Москва;sale;flat;5;8;1;48.3;36852900;Замоскворечье;Шлюзовая набережная;2/1С1;Павелецкая;Элитный жилой комплекс 
Whitewill;real_estate_agent;https://www.cian.ru/sale/flat/302177521/;Москва;sale;flat;3;15;2;58.54;65000000;Пресненский; Костикова;4к4;Улица 1905 года;Lucky
MR Group;developer;https://www.cian.ru/sale/flat/298278959/;Москва;sale;flat;2;37;2;64.3;41616568;Беговой;Ленинградский проспект;вл8;Белорусская;Slava
ZAPAD REALTY - офис Маршала Жукова;real_estate_agent;https://www.cian.ru/sale/flat/303919506/;Москва;sale;flat;22;43;1;44.0;29300000;Хорошево-Мневники;Шелепихинская набережная;34к6;Шелепиха;Сердце Столицы
Ташир;developer;https://www.cian.ru/sale/flat/299137381/;Москва;sale;flat;4;21;2;47.9;19339625;Очаково-Матвеевское;Аминьевское шоссе;6;Давыдково;West Tower (Апартаменты бизнес-класса)
Homeapp;real_estate_agent;https://www.cian.ru/sale/flat/302203106/;Москва;sale;flat;8;19;1;30.8;20750000;Беговой;Ленинградский проспект;29к3;Динамо;Царская площадь
Prime Life Development;developer;https://www.cian.ru/sale/flat/299132492/;Москва;sale;flat;6;28;2;59.76;29898807;Нагатино-Садовники;Нагатинская ;к1вл1;Нагатинская;Первый Нагатинский
Whitewill;real_estate_agent;https://www.cian.ru/sale/flat/303753508/;Москва;sale;flat;37;37;1;48.0;42000000;Хорошевский;Ленинградский проспект;37/6;Аэропорт;Прайм Парк
Галс-Девелопмент;developer;https://www.cian.ru/sale/flat/303040411/;Москва;sale;flat;5;23;1;47.6;21372400;Басманный; Фридриха Энгельса;56;Бауманская;Премиум-квартал 
Whitewill;real_estate_agent;https://www.cian.ru/sale/flat/301782648/;Москва;sale;flat;10;21;1;65.0;65000000;Пресненский; Костикова;4к1;Улица 1905 года;Lucky
PIONEER;developer;https://www.cian.ru/sale/flat/303709179/;Москва;sale;flat;9;22;1;31.0;16667801;Марьина роща;Полковая ;1С12;Савёловская;PRIDE
Whitewill Москва-Сити;real_estate_agent;https://www.cian.ru/sale/flat/299330003/;Москва;sale;flat;63;66;1;86.0;96000000;Пресненский;1-й Красногвардейский проезд;22;Деловой центр;NEVA TOWERS
Пионер;developer;https://www.cian.ru/sale/flat/303979491/;Москва;sale;flat;4;25;2;56.59;23201273;Москворечье-Сабурово;;;Варшавская;Лайф Варшавская ЖК
ID 109135729;realtor;https://www.cian.ru/sale/flat/303087972/;Москва;sale;flat;3;21;2;58.54;61000000;Пресненский; Костикова;4к1;Улица 1905 года;Lucky
Рублево-Архангельское;developer;https://www.cian.ru/sale/flat/298849163/;Москва;sale;flat;3;10;1;45.5;23596300;;;В14 кв-л;Павшино;Сберсити ЖК
Оксана Чернега;realtor;https://www.cian.ru/sale/flat/304050433/;Москва;sale;flat;5;14;2;67.8;45000000;Даниловский; Архитектора Щусева;2к1;ЗИЛ;ЗИЛАРТ
MR Group;developer;https://www.cian.ru/sale/flat/299093496/;Москва;sale;flat;18;41;1;37.7;23930985;Даниловский;Дубининская ;59к7;Серпуховская;Павелецкая Сити
ID 12530791;unknown;https://www.cian.ru/sale/flat/303761506/;Москва;sale;flat;38;78;1;58.0;70000000;Пресненский;1-й Красногвардейский проезд;22с2;Москва-Сити;NEVA TOWERS
Главстрой;developer;https://www.cian.ru/sale/flat/301772066/;Москва;sale;flat;3;35;1;39.08;20505276;Котловка;31/2;31/2;Профсоюзная;Новые Академики ЖК
Contact Real Estate;real_estate_agent;https://www.cian.ru/sale/flat/303027445/;Москва;sale;flat;3;20;1;59.0;61800000;Пресненский; Костикова;4к6;Улица 1905 года;Lucky
КОРТРОС;developer;https://www.cian.ru/sale/flat/296640150/;Москва;sale;flat;5;49;2;59.19;23143290;Марьина роща;;;Марьина Роща;Тэйт ЖК
BARNES International Realty;real_estate_agent;https://www.cian.ru/sale/flat/301165914/;Москва;sale;flat;7;24;1;49.0;21500000;Хорошево-Мневники; Народного Ополчения;11;Народное Ополчение;Wellton park
Sminex;developer;https://www.cian.ru/sale/flat/299801831/;Москва;sale;flat;2;23;2;56.0;56130000;Пресненский;;;Улица 1905 года;Лайф Тайм ЖК
NF Group - ex-Knight Frank;real_estate_agent;https://www.cian.ru/sale/flat/301655618/;Москва;sale;flat;1;11;2;74.13;100000000;Дорогомилово;;3к2;Парк Победы;Виктори Парк Резиденсез ЖК
Донстрой;developer;https://www.cian.ru/sale/flat/304095700/;Москва;sale;flat;3;16;2;81.6;60024960;Раменки; Сергея Бондарчука;2;Мичуринский проспект;Река
HYDE Residences;real_estate_agent;https://www.cian.ru/sale/flat/303400078/;Москва;sale;flat;35;78;2;82.0;55600000;Пресненский;1-й Красногвардейский проезд;22с2;Москва-Сити;NEVA TOWERS
MR Group;developer;https://www.cian.ru/sale/flat/303880112/;Москва;sale;flat;2;54;2;59.94;29490480;Хорошево-Мневники;;;Полежаевская;Джойс ЖК
Kalinka Group;real_estate_agent;https://www.cian.ru/sale/flat/303060724/;Москва;sale;flat;8;32;2;63.4;51000000;Дорогомилово;Поклонная ;9;Поклонная;Поклонная 9
Абсолют Недвижимость;developer;https://www.cian.ru/sale/flat/304065724/;Москва;sale;flat;3;18;1;49.8;49630000;Хамовники;;;Воробьёвы горы;Коллекция Лужники ЖК
Космополис;real_estate_agent;https://www.cian.ru/sale/flat/303570625/;Москва;sale;flat;12;12;2;45.6;9750000;Бибирево;Белозерская ;1А;Алтуфьево;
LEGENDA Intelligent Development;developer;https://www.cian.ru/sale/flat/301551495/;Москва;sale;flat;7;34;2;59.1;22762661;Левобережный;Ленинградское шоссе;;Беломорская;Северный порт. Береговые кварталы
ZAPAD REALTY - офис Маршала Жукова;real_estate_agent;https://www.cian.ru/sale/flat/302362462/;Москва;sale;flat;13;36;2;64.0;40900000;Хорошево-Мневники;Шелепихинская набережная;34к3зд6;Шелепиха;Сердце Столицы
Центр-Инвест;developer;https://www.cian.ru/sale/flat/298329474/;Москва;sale;flat;7;9;2;69.9;69134455;Таганский;Серебрянический переулок;8;Китай-город;Титул на Серебрянической
Whitewill;real_estate_agent;https://www.cian.ru/sale/flat/300983679/;Москва;sale;flat;13;21;2;80.3;56700000;Раменки;Мосфильмовская ;88к4;Раменки;Мосфильмовский
Основа;developer;https://www.cian.ru/sale/flat/292154031/;Москва;sale;flat;6;28;2;41.3;17065160;Хорошево-Мневники;;;Полежаевская;Эмоушен ЖК
Point Estate Город;real_estate_agent;https://www.cian.ru/sale/flat/299551213/;Москва;sale;flat;4;4;2;59.9;48000000;Пресненский;Малый Козихинский переулок;8/18;Пушкинская;
Sminex;developer;https://www.cian.ru/sale/flat/294328854/;Москва;sale;flat;3;6;2;120.3;226580000;Басманный;Потаповский переулок;5С4;Чистые пруды;Чистые Пруды
NIKA ESTATE;real_estate_agent;https://www.cian.ru/sale/flat/299655879/;Москва;sale;flat;14;24;2;46.0;31000000;Очаково-Матвеевское;Нежинская ;5к2;Матвеевская;Городские резиденции SPIRES
Tekta Group;developer;https://www.cian.ru/sale/flat/301260582/;Москва;sale;flat;14;27;1;28.1;19453630;Даниловский;;;Павелецкая;Era
ZAPAD REALTY - офис Маршала Жукова;real_estate_agent;https://www.cian.ru/sale/flat/300862129/;Москва;sale;flat;24;24;2;58.0;38950000;Хорошево-Мневники;Шелепихинская набережная;34к3;Шелепиха;Сердце Столицы
Tekta Group;developer;https://www.cian.ru/sale/flat/303506169/;Москва;sale;flat;3;22;2;39.9;17288670;Нагорный;;1;Нагорная;Твелв ЖК
ФСК Агент;real_estate_agent;https://www.cian.ru/sale/flat/298473301/;Москва;sale;flat;13;25;2;52.3;23500000;Хорошево-Мневники;Шелепихинская набережная;40к2;Шелепиха;Sydney City
COLDY;developer;https://www.cian.ru/sale/flat/303330139/;Москва;sale;flat;2;15;1;35.27;28877924;Даниловский; Серпуховский Вал;7с16;Тульская;Дом 7 Даниловский
Whitewill;real_estate_agent;https://www.cian.ru/sale/flat/295983268/;Москва;sale;flat;44;44;2;86.3;42000000;Хорошево-Мневники; Шеногина;;Шелепиха;Sydney City
Hutton Development;developer;https://www.cian.ru/sale/flat/303616410/;Москва;sale;flat;2;6;1;48.3;106260000;Якиманка;Софийская набережная;34С3;Новокузнецкая;Клубный дом DUO
ID 107328710;realtor;https://www.cian.ru/sale/flat/296723055/;Москва;sale;flat;9;9;2;49.0;36000000;Арбат;Смоленская ;10;Смоленская;
Пионер;developer;https://www.cian.ru/sale/flat/301460245/;Москва;sale;flat;7;39;2;36.0;27793764;Даниловский;;;Павелецкая;Хай Лайф ЖК
Intermark Real Estate;real_estate_agent;https://www.cian.ru/sale/flat/296711017/;Москва;sale;flat;6;12;2;52.0;30000000;Аэропорт;Ленинградский проспект;36с36;Динамо;ВТБ Арена парк
Рублево-Архангельское;developer;https://www.cian.ru/sale/flat/301919439/;Москва;sale;flat;2;10;1;42.4;18020000;;;В17 кв-л;Опалиха;Сберсити ЖК
PROНЕДВИЖИМОСТЬ;real_estate_agent;https://www.cian.ru/sale/flat/298966070/;Москва;sale;flat;2;9;2;44.4;12000000;Новогиреево; Алексея Дикого;20;Новогиреево;
Пионер;developer;https://www.cian.ru/sale/flat/301459888/;Москва;sale;flat;6;18;2;48.4;36518949;Донской;2-й Донской проезд;10;Ленинский проспект;SHIFT
HOUSE MALL - Городская недвижимость;real_estate_agent;https://www.cian.ru/sale/flat/299203876/;Москва;sale;flat;2;10;1;35.0;13100000;Ростокино;проспект Мира;188Бк2;Ростокино;Триколор
СИТИ21;developer;https://www.cian.ru/sale/flat/301268679/;Москва;sale;flat;4;15;1;32.6;12802234;Останкинский;проспект Мира;95;Алексеевская;Hill8
Барно Турсунова;realtor;https://www.cian.ru/sale/flat/304102478/;Москва;sale;flat;7;17;2;50.9;15480000;Останкинский;Березовая аллея;19к6;Ботанический сад;Апарт-комплекс Легендарный квартал
Upside Development;developer;https://www.cian.ru/sale/flat/303215966/;Москва;sale;flat;11;12;2;77.0;47740000;Даниловский;2-я Рощинская ;1;Тульская;Данилов дом
Whitewill;real_estate_agent;https://www.cian.ru/sale/flat/300610100/;Москва;sale;flat;3;24;2;70.0;46500000;Хорошево-Мневники;Шелепихинская набережная;34к3зд7;Шелепиха;Сердце Столицы
Capital Group;developer;https://www.cian.ru/sale/flat/301482894/;Москва;sale;flat;11;18;2;45.8;56907301;Дорогомилово;;;Москва-Сити;Бадаевский ЖК
Kalinka Group;real_estate_agent;https://www.cian.ru/sale/flat/299888104/;Москва;sale;flat;44;65;1;52.0;41000000;Пресненский;1-й Красногвардейский проезд;22с1;Москва-Сити;NEVA TOWERS
MR Group;developer;https://www.cian.ru/sale/flat/300288766/;Москва;sale;flat;40;54;1;29.14;19101464;Савеловский;2-я Хуторская ;34;Дмитровская;SYMPHONY 34
Intermark Real Estate;real_estate_agent;https://www.cian.ru/sale/flat/303564346/;Москва;sale;flat;3;20;2;56.6;64186000;Пресненский;2-я Звенигородская ;16;Улица 1905 года;Lucky
Мангазея;developer;https://www.cian.ru/sale/flat/302850687/;Москва;sale;flat;4;21;1;48.0;24209040;Щукино;Щукинская ;3;Щукинская;Интонация
HYDE Residences;real_estate_agent;https://www.cian.ru/sale/flat/301809971/;Москва;sale;flat;58;78;2;75.0;45000000;Пресненский;1-й Красногвардейский проезд;22с2;Москва-Сити;NEVA TOWERS
MR Group;developer;https://www.cian.ru/sale/flat/290790439/;Москва;sale;flat;2;57;2;58.48;32674530;Филевский парк;;;Фили;Фили Сити ЖК
Intermark Real Estate;real_estate_agent;https://www.cian.ru/sale/flat/297935793/;Москва;sale;flat;3;5;2;52.0;39000000;Донской;4-й Верхний Михайловский проезд;4к1;Шаболовская;
Tekta Group;developer;https://www.cian.ru/sale/flat/303224373/;Москва;sale;flat;7;34;1;30.0;16284000;Обручевский;;;Воронцовская;Эвер ЖК
HYDE Residences;real_estate_agent;https://www.cian.ru/sale/flat/303291308/;Москва;sale;flat;50;78;2;64.0;45000000;Пресненский;1-й Красногвардейский проезд;22с2;Москва-Сити;NEVA TOWERS
Основа;developer;https://www.cian.ru/sale/flat/287742395/;Москва;sale;flat;3;20;2;34.81;9416105;Северный;Новодачная ;67/68;Новодачная;ФизтехСити
Whitewill;real_estate_agent;https://www.cian.ru/sale/flat/301042658/;Москва;sale;flat;24;79;1;72.0;63000000;Пресненский;1-й Красногвардейский проезд;22с1;Москва-Сити;NEVA TOWERS
Рублево-Архангельское;developer;https://www.cian.ru/sale/flat/291868741/;Москва;sale;flat;3;13;1;54.02;30299818;;;В20 кв-л;Павшино;Сберсити ЖК
PROНЕДВИЖИМОСТЬ;real_estate_agent;https://www.cian.ru/sale/flat/303633126/;Москва;sale;flat;8;9;2;41.0;11290000;Люблино; Верхние Поля;7К2;Братиславская;
Рублево-Архангельское;developer;https://www.cian.ru/sale/flat/299137613/;Москва;sale;flat;4;12;1;45.87;23045088;;;В19 кв-л;Павшино;Сберсити ЖК
CENTURY 21 Столичная недвижимость;real_estate_agent;https://www.cian.ru/sale/flat/302178019/;Москва;sale;flat;2;12;2;66.5;22800000;Даниловский;3-я оч.;3-я оч.;Технопарк;Шагал ЖК
Пионер;developer;https://www.cian.ru/sale/flat/301459957/;Москва;sale;flat;4;11;1;56.1;52874642;Даниловский;;;Павелецкая;Опус ЖК
Kalinka Group;real_estate_agent;https://www.cian.ru/sale/flat/297313098/;Москва;sale;flat;3;21;2;56.6;64186000;Пресненский;2-я Звенигородская ;16;Улица 1905 года;Lucky
Level Group;developer;https://www.cian.ru/sale/flat/304073512/;Москва;sale;flat;2;48;2;35.4;22844985;Очаково-Матвеевское;;к8;Аминьевская;Левел Мичуринский ЖК
Whitewill;real_estate_agent;https://www.cian.ru/sale/flat/302626552/;Москва;sale;flat;18;79;2;71.8;50000000;Пресненский;1-й Красногвардейский проезд;22с2;Москва-Сити;NEVA TOWERS
Level Group;developer;https://www.cian.ru/sale/flat/298671589/;Москва;sale;flat;3;17;2;39.8;25553054;Басманный;Большая Почтовая ;;Электрозаводская;Level Бауманская
Whitewill;real_estate_agent;https://www.cian.ru/sale/flat/287929947/;Москва;sale;flat;7;22;2;75.0;40000000;Раменки;Минская ;1ГК1;Ломоносовский проспект;Золотые Ключи 2
Рублево-Архангельское;developer;https://www.cian.ru/sale/flat/300423805/;Москва;sale;flat;2;13;1;56.19;26499204;;;В21 кв-л;Опалиха;Сберсити ЖК
Unique;real_estate_agent;https://www.cian.ru/sale/flat/287678758/;Москва;sale;flat;4;26;1;46.0;32000000;Очаково-Матвеевское;Нежинская ;5к2;Давыдково;Городские резиденции SPIRES
MR Group;developer;https://www.cian.ru/sale/flat/303451581/;Москва;sale;flat;11;29;2;55.8;21011728;Южнопортовый;Волгоградский проспект;32/3к4;Дубровка;Метрополия
FS PROPERTY;real_estate_agent;https://www.cian.ru/sale/flat/301355208/;Москва;sale;flat;6;6;2;145.5;154346399;Якиманка; Большая Полянка;61С2;Добрынинская;
Level Group;developer;https://www.cian.ru/sale/flat/296357478/;Москва;sale;flat;24;26;2;41.8;26487928;Нагатино-Садовники;Нагатинская набережная;10А;Нагатинская;Level Нагатинская
One Moscow;real_estate_agent;https://www.cian.ru/sale/flat/303296300/;Москва;sale;flat;38;68;2;72.5;78000000;Пресненский;1-й Красногвардейский проезд;22с1;Москва-Сити;NEVA TOWERS
MR Group;developer;https://www.cian.ru/sale/flat/302792267/;Москва;sale;flat;5;13;1;68.43;97431866;Мещанский;Садовая-Сухаревская ;14;Цветной бульвар;Клубный дом Forum
Whitewill Москва-Сити;real_estate_agent;https://www.cian.ru/sale/flat/301716912/;Москва;sale;flat;48;64;2;104.0;88000000;Пресненский;набережная Пресненская;8с1;Деловой центр;Город Столиц
Трансстройинвест;developer;https://www.cian.ru/sale/flat/296222970/;Москва;sale;flat;17;22;2;58.9;29460366;Останкинский;проезд Ольминского;4;ВДНХ;Сенатор
Whitewill;real_estate_agent;https://www.cian.ru/sale/flat/301362196/;Москва;sale;flat;3;15;1;65.0;61000000;Раменки;Мосфильмовская ;31А;Ломоносовский проспект;KING & SONS
Колди;developer;https://www.cian.ru/sale/flat/302241697/;Москва;sale;flat;7;21;2;43.29;12158872;Нижегородский;;;Калитники;Н'айс Лофт ЖК
ID 413522;realtor;https://www.cian.ru/sale/flat/303087594/;Москва;sale;flat;7;14;2;95.0;164990000;Хамовники; Усачева;15А;Спортивная;Садовые кварталы
Regions Development;developer;https://www.cian.ru/sale/flat/304060672/;Москва;sale;flat;2;23;1;57.5;29661082;Нагатинский затон;проспект Андропова;9/1;Технопарк;Dream Towers
PROНЕДВИЖИМОСТЬ;real_estate_agent;https://www.cian.ru/sale/flat/303202031/;Москва;sale;flat;2;25;2;41.3;12200000;Орехово-Борисово Южное;Ясеневая ;12к2;Домодедовская;Ясеневая 14
Regions Development;developer;https://www.cian.ru/sale/flat/304011899/;Москва;sale;flat;10;16;1;40.9;19546264;Преображенское;Жилой комплекс Преображенская площадь;;Преображенская площадь;Преображенская площадь
Unique;real_estate_agent;https://www.cian.ru/sale/flat/303783084/;Москва;sale;flat;6;9;2;60.0;18000000;; Ясеневая;1к1;Ольховая;
Трансстройинвест;developer;https://www.cian.ru/sale/flat/299589652/;Москва;sale;flat;2;24;1;43.5;17768630;Очаково-Матвеевское;Мичуринский проспект;72А;Озёрная;ОМ
PROНЕДВИЖИМОСТЬ;real_estate_agent;https://www.cian.ru/sale/flat/303780364/;Москва;sale;flat;4;9;1;33.0;11900000;Нагатинский затон;Судостроительная ;6;Коломенская;
ASTERUS;representative_developer;https://www.cian.ru/sale/flat/299661848/;Москва;sale;flat;2;14;2;57.0;28160045;Покровское-Стрешнево;;;Тушинская;Алиа ЖК
Verges of estate;real_estate_agent;https://www.cian.ru/sale/flat/302141509/;Москва;sale;flat;17;47;2;63.5;28000000;Обручевский; Академика Волгина;2С3;Воронцовская;Архитектор
Концерн КРОСТ;developer;https://www.cian.ru/sale/flat/299370745/;Москва;sale;flat;2;6;1;39.0;19500000;Хорошево-Мневники; Саляма Адиля;2А;Народное Ополчение;Wellton SPA Residence
Whitewill Москва-Сити;real_estate_agent;https://www.cian.ru/sale/flat/280116651/;Москва;sale;flat;62;77;2;111.0;149000000;Пресненский;1-й Красногвардейский проезд;22;Деловой центр;NEVA TOWERS
TOUCH;developer;https://www.cian.ru/sale/flat/302838481/;Москва;sale;flat;6;13;2;60.31;35498000;Южнопортовый;;к3;Дубровка;Шампайн ЖК
Whitewill Москва-Сити;real_estate_agent;https://www.cian.ru/sale/flat/300577056/;Москва;sale;flat;35;78;2;83.0;63000000;Пресненский;1-й Красногвардейский проезд;22;Деловой центр;NEVA TOWERS
MR Group;developer;https://www.cian.ru/sale/flat/298871278/;Москва;sale;flat;2;19;2;53.4;18893133;Покровское-Стрешнево;;;Тушинская;Ситизен ЖК
Intermark Real Estate;real_estate_agent;https://www.cian.ru/sale/flat/302999320/;Москва;sale;flat;4;8;2;69.8;58737379;Хамовники;Смоленский бульвар;22/14;Смоленская;
COLDY;developer;https://www.cian.ru/sale/flat/297997304/;Москва;sale;flat;2;14;1;101.91;183834633;Хамовники;переулок 1-й Тружеников;12;Киевская;Хамовники 12
ID 13184731;realtor;https://www.cian.ru/sale/flat/303480075/;Москва;sale;flat;6;14;2;43.0;13300000;Люблино;Высотный проезд;4;Люблино;
Стадион Спартак;developer;https://www.cian.ru/sale/flat/292442347/;Москва;sale;flat;3;13;1;45.4;23081360;Покровское-Стрешнево;Северо-Западный ао;;Спартак;Клубный Город на Реке Примавера ЖК
TimeProperty;real_estate_agent;https://www.cian.ru/sale/flat/292945866/;Москва;sale;flat;5;15;2;57.4;33000000;Якиманка; Шаболовка;23к2;Шаболовская;Созвездие Капитал-1
КОРТРОС;developer;https://www.cian.ru/sale/flat/289743607/;Москва;sale;flat;33;41;2;66.47;32756416;Пресненский;Шелепихинское шоссе;;Шелепиха;Headliner
Intermark Real Estate;real_estate_agent;https://www.cian.ru/sale/flat/271842660/;Москва;sale;flat;3;9;2;65.0;85747999;Пресненский;Большая Бронная ;9/1;Пушкинская;
VOS HOD;developer;https://www.cian.ru/sale/flat/300560439/;Москва;sale;flat;8;17;2;71.8;43991860;Филевский парк; Василисы Кожиной;вл25/1;Филёвский парк;AHEAD
Intermark Real Estate;real_estate_agent;https://www.cian.ru/sale/flat/290380827/;Москва;sale;flat;2;6;2;107.0;157776319;Таганский;Серебряническая набережная;19;Чкаловская;АртХаус
Sminex;developer;https://www.cian.ru/sale/flat/303125654/;Москва;sale;flat;8;14;1;44.6;25870000;Раменки;проспект Генерала Дорохова;39к2Л;Ломоносовский проспект;Собрание клубных домов West Garden
TimeProperty;real_estate_agent;https://www.cian.ru/sale/flat/296060335/;Москва;sale;flat;51;53;2;37.4;19500000;Очаково-Матвеевское;;к1;Мичуринский проспект;Левел Мичуринский ЖК
Концерн КРОСТ;developer;https://www.cian.ru/sale/flat/298380294/;Москва;sale;flat;4;19;2;62.1;27572400;Щукино; Ротмистрова;2;Октябрьское поле;Театральный квартал
Intermark Real Estate;real_estate_agent;https://www.cian.ru/sale/flat/290380842/;Москва;sale;flat;33;73;2;103.0;110000000;Пресненский;набережная Пресненская;8с1;Деловой центр;Город Столиц
Центр-Инвест;representative_developer;https://www.cian.ru/sale/flat/304087556/;Москва;sale;flat;7;15;2;40.8;24984579;Раменки;Винницкая ;8к3;Раменки;Настоящее
Артем Ченцов;realtor;https://www.cian.ru/sale/flat/302772342/;Москва;sale;flat;9;30;2;49.8;26000000;Хорошево-Мневники;Шелепихинская набережная;40к3;Хорошёвская;Sydney City
Sense Development;developer;https://www.cian.ru/sale/flat/298147711/;Москва;sale;flat;12;13;1;43.7;27609617;Даниловский;Подольское шоссе;3;Тульская;Logos
СОВКОМБАНК;official_representative;https://www.cian.ru/sale/flat/297233032/;Москва;sale;flat;12;12;1;39.0;9700000;Гольяново;Уральская ;1;Щёлковская;
СТ Тауэрс;developer;https://www.cian.ru/sale/flat/302833885/;Москва;sale;flat;42;66;2;67.4;64704000;Пресненский;1-й Красногвардейский проезд;22с1;Москва-Сити;NEVA TOWERS
BARNES International Realty;real_estate_agent;https://www.cian.ru/sale/flat/294511036/;Москва;sale;flat;4;23;2;90.6;45000000;Хорошевский; Гризодубовой;2;ЦСКА;Гранд-парк
КРОСТ;developer;https://www.cian.ru/sale/flat/296745539/;Москва;sale;flat;21;28;1;36.9;18117900;Хорошево-Мневники; Генерала Глаголева;;;CRYSTAL Трилогия
Whitewill;real_estate_agent;https://www.cian.ru/sale/flat/301520504/;Москва;sale;flat;2;21;2;116.0;142000000;Пресненский; Костикова;4к3;Улица 1905 года;Lucky
Sminex;developer;https://www.cian.ru/sale/flat/304094787/;Москва;sale;flat;3;24;1;51.4;53340000;Пресненский;Электрический переулок;1с22;Белорусская;Квартал Тишинский бульвар
BARNES International Realty;real_estate_agent;https://www.cian.ru/sale/flat/301353911/;Москва;sale;flat;5;7;2;69.7;100564740;Арбат;Поварская ;8/1к1;Арбатская;De Luxe квартал апартаментов 
ДОНСТРОЙ;developer;https://www.cian.ru/sale/flat/304095934/;Москва;sale;flat;4;50;2;68.5;29372800;Раменки;м. Мичуринский проспект;;Мичуринский проспект;Событие
Никита Гаврилов;realtor;https://www.cian.ru/sale/flat/303910013/;Москва;sale;flat;5;17;2;58.0;19150000;Марьино;Новочеркасский бульвар;47;Марьино;
MR Group;developer;https://www.cian.ru/sale/flat/301223453/;Москва;sale;flat;2;39;2;60.57;21980883;Западное Дегунино;Северный ао;;Селигерская;Селигер Сити ЖК
PROНЕДВИЖИМОСТЬ;real_estate_agent;https://www.cian.ru/sale/flat/302903145/;Москва;sale;flat;10;12;2;44.0;10600000;Дмитровский;Клязьминская ;4;Грачёвская;
Sminex;developer;https://www.cian.ru/sale/flat/293713671/;Москва;sale;flat;2;14;1;72.6;133830000;Якиманка;;;Полянка;Лаврушинский ЖК
PROНЕДВИЖИМОСТЬ;real_estate_agent;https://www.cian.ru/sale/flat/303779368/;Москва;sale;flat;9;12;1;35.0;10200000;Новогиреево;Союзный проспект;20К1;Новогиреево;
Hutton Development;developer;https://www.cian.ru/sale/flat/299066783/;Москва;sale;flat;3;17;2;100.6;50199400;Гагаринский;Ленинский проспект;38;Ленинский проспект;Lunar
Лофт Инвест;real_estate_agent;https://www.cian.ru/sale/flat/299893948/;Москва;sale;flat;5;16;1;38.9;10990000;Отрадное;Алтуфьевское шоссе;2;Владыкино;
РГ-Девелопмент;developer;https://www.cian.ru/sale/flat/297536389/;Москва;sale;flat;24;25;2;54.7;22427000;Щукино; Берзарина;32;Щукинская;Октябрьское поле
Данил Пшеничный;realtor;https://www.cian.ru/sale/flat/303857944/;Москва;sale;flat;16;35;1;39.1;19000000;Останкинский; Годовикова;11к4;Алексеевская;iLove
Level Group;developer;https://www.cian.ru/sale/flat/302985345/;Москва;sale;flat;2;11;2;31.0;27492377;Хорошево-Мневники;Причальный проезд;10А;Шелепиха;Level Причальный
Whitewill;real_estate_agent;https://www.cian.ru/sale/flat/300015723/;Москва;sale;flat;20;39;2;64.0;37000000;Раменки; Лобачевского;120к1;Аминьевская;Крылья
Level Group;developer;https://www.cian.ru/sale/flat/301555238/;Москва;sale;flat;13;24;2;45.6;19226800;Покровское-Стрешнево;Северо-Западный ао;;Тушинская;Левел Стрешнево ЖК
Whitewill;real_estate_agent;https://www.cian.ru/sale/flat/290001136/;Москва;sale;flat;2;6;2;75.0;84750000;Замоскворечье;Большой Ордынский переулок;4С4;Третьяковская;Собрание клубных домов ORDYNKA
Группа Родина;developer;https://www.cian.ru/sale/flat/293156291/;Москва;sale;flat;2;24;1;40.3;23694900;Ростокино;;к3;Ботанический сад;Союз ЖК
Whitewill Москва-Сити;real_estate_agent;https://www.cian.ru/sale/flat/299723346/;Москва;sale;flat;63;66;1;86.0;90000000;Пресненский;1-й Красногвардейский проезд;22;Деловой центр;NEVA TOWERS
MR Group;developer;https://www.cian.ru/sale/flat/303541823/;Москва;sale;flat;18;44;1;41.34;21971194;Марьина роща; 4-я Марьиной рощи;12К3;Марьина Роща;Mod
Алина Валиуллина;realtor;https://www.cian.ru/sale/flat/304000697/;Москва;sale;flat;5;12;2;52.0;28900000;Мещанский;переулок Васнецова;3;Цветной бульвар;
РГ-Девелопмент;developer;https://www.cian.ru/sale/flat/292534789/;Москва;sale;flat;2;25;2;54.5;18393750;Соколиная гора;;;Соколиная гора;Семеновский Парк 2 ЖК
GRAND ESTATE - Премиальная недвижимость;real_estate_agent;https://www.cian.ru/sale/flat/302998801/;Москва;sale;flat;9;9;2;46.0;27600000;Хамовники;3-я Фрунзенская ;17;Спортивная;
РГ-Девелопмент;developer;https://www.cian.ru/sale/flat/300921483/;Москва;sale;flat;2;19;2;62.8;25170240;Савеловский;Старый Петровско-Разумовский проезд;1/23С5;Гражданская;Петровский парк II
PROНЕДВИЖИМОСТЬ;real_estate_agent;https://www.cian.ru/sale/flat/303779112/;Москва;sale;flat;16;17;1;38.2;9400000;Орехово-Борисово Южное;Гурьевский проезд;31К2;Зябликово;
Level Group;developer;https://www.cian.ru/sale/flat/303284920/;Москва;sale;flat;29;31;2;40.1;18747400;Западное Дегунино;Северный ао;к3;Верхние Лихоборы;Левел Селигерская ЖК
Арт Риэлти;real_estate_agent;https://www.cian.ru/sale/flat/301259458/;Москва;sale;flat;3;26;2;36.0;16580000;Лефортово; Крузенштерна;12к3;Авиамоторная;Символ
Основа;developer;https://www.cian.ru/sale/flat/297432252/;Москва;sale;flat;4;31;2;46.05;21183000;Марфино;;к1;Улица Милашенкова;Вери ЖК
NF Group - ex-Knight Frank;real_estate_agent;https://www.cian.ru/sale/flat/302590858/;Москва;sale;flat;3;8;2;59.3;48800000;Даниловский;Хавская ;9;Шаболовская;Residence Hall Шаболовский
Level Group;developer;https://www.cian.ru/sale/flat/302621324/;Москва;sale;flat;2;64;2;34.9;19444126;Хорошево-Мневники;;;Народное Ополчение;Левел Звенигородская ЖК
EXCLUSIVE CITY;real_estate_agent;https://www.cian.ru/sale/flat/298381402/;Москва;sale;flat;8;21;2;51.0;45000000;Пресненский;набережная Пресненская;10с2;Деловой центр;МФК IQ-квартал
Группа Родина;developer;https://www.cian.ru/sale/flat/293200702/;Москва;sale;flat;11;13;2;47.0;14817000;; 1-я Ватутинская;12к2;Ольховая;Russian Design District
Князев и Партнёры;real_estate_agent;https://www.cian.ru/sale/flat/303275971/;Москва;sale;flat;3;13;2;65.6;49800000;Пресненский;Большая Садовая ;5к1;Маяковская;Квартал апартаментов Сады Пекина
Level Group;developer;https://www.cian.ru/sale/flat/301565134/;Москва;sale;flat;11;23;2;34.9;12063811;Печатники;;13;Кожуховская;Левел Южнопортовая ЖК
Князев и Партнёры;real_estate_agent;https://www.cian.ru/sale/flat/303397064/;Москва;sale;flat;30;41;2;57.0;30000000;Раменки;1-й Сетуньский проезд;вл6;Кутузовская;Hide
GloraX;developer;https://www.cian.ru/sale/flat/303477025/;Москва;sale;flat;4;21;1;53.11;29079999;Беговой; 1-я Ямского Поля;28С3;Белорусская;GloraX Premium Белорусская
ФОРА;real_estate_agent;https://www.cian.ru/sale/flat/302745451/;Москва;sale;flat;6;6;2;64.2;26500000;Хорошевский;2-й Хорошевский проезд;9К1;Беговая;
Sminex;developer;https://www.cian.ru/sale/flat/303262675/;Москва;sale;flat;20;26;1;35.93;21290000;Марфино; Академика Королева;21;Бутырская;Дом Достижение
ID 50126037;homeowner;https://www.cian.ru/sale/flat/303879410/;Москва;sale;flat;11;85;2;89.4;55000000;Пресненский;1-й Красногвардейский проезд;21с2;Деловой центр;МФК ОКО
Forma;developer;https://www.cian.ru/sale/flat/300339509/;Москва;sale;flat;4;29;1;37.3;20421750;Аэропорт;Часовая ;28к8;Сокол;SOUL
ЛИДЕР Риэлти;real_estate_agent;https://www.cian.ru/sale/flat/303615604/;Москва;sale;flat;15;40;2;48.0;43900000;Хорошевский;Ленинградский проспект;37/4;ЦСКА;Прайм Парк
St Michael;developer;https://www.cian.ru/sale/flat/303024911/;Москва;sale;flat;16;21;2;58.28;25323650;Хорошевский;9Ак7;9Ак7;Полежаевская;Зорге 9 ЖК
OXE CAPITAL - Элитная Недвижимость;real_estate_agent;https://www.cian.ru/sale/flat/301480836/;Москва;sale;flat;3;7;2;70.0;90960000;Арбат;Поварская ;8/1к1;Арбатская;De Luxe квартал апартаментов 
Трансстройинвест;developer;https://www.cian.ru/sale/flat/296303052/;Москва;sale;flat;3;8;1;62.7;89465815;Мещанский;Большой Кисельный переулок;11/2с2;Тургеневская;Frank's house
Whitewill;real_estate_agent;https://www.cian.ru/sale/flat/301042655/;Москва;sale;flat;37;79;1;78.0;80000000;Пресненский;1-й Красногвардейский проезд;22с1;Москва-Сити;NEVA TOWERS
Forma;developer;https://www.cian.ru/sale/flat/300149586/;Москва;sale;flat;5;20;2;64.41;23811037;Даниловский;Автозаводская ;26;Тульская;FORST
Monumental Group;real_estate_agent;https://www.cian.ru/sale/flat/300006052/;Москва;sale;flat;2;5;2;103.0;149980000;Тверской;Никольская ;10/2С2б;Лубянка;St. Nickolas
Мангазея;developer;https://www.cian.ru/sale/flat/304059472/;Москва;sale;flat;13;41;2;64.8;27254880;Даниловский;Большая Тульская ;10С5;Тульская;Мангазея на Тульской
Dream Realty;real_estate_agent;https://www.cian.ru/sale/flat/303637932/;Москва;sale;flat;8;28;2;61.6;30000000;Раменки;Винницкая ;8к4;Раменки;Настоящее
ID 111759195;developer;https://www.cian.ru/sale/flat/296871994/;Москва;sale;flat;13;30;2;38.2;12839096;Рязанский;Рязанский проспект;;Окская;balance
Universal Realty;real_estate_agent;https://www.cian.ru/sale/flat/304055272/;Москва;sale;flat;20;20;2;51.0;32800000;Филевский парк;Большая Филевская ;3к2;Фили;Западный порт
РГ-Девелопмент;developer;https://www.cian.ru/sale/flat/302795522/;Москва;sale;flat;2;20;2;36.0;13795200;Головинский;Михалковская ;48С4;Коптево;Михалковский
ID 107105027;homeowner;https://www.cian.ru/sale/flat/303420117/;Москва;sale;flat;8;12;2;100.0;69000000;Аэропорт;Ленинградский проспект;36с30;Петровский Парк;ВТБ Арена парк
MR Group;developer;https://www.cian.ru/sale/flat/298874818/;Москва;sale;flat;5;36;1;40.8;28362079;Беговой;Ленинградский проспект;вл8;Белорусская;Slava
SKYEST;real_estate_agent;https://www.cian.ru/sale/flat/303742934/;Москва;sale;flat;7;12;2;78.0;104690000;Хамовники; Ефремова;10с1к4/2;Фрунзенская;Садовые кварталы
Prime Life Development;developer;https://www.cian.ru/sale/flat/301781621/;Москва;sale;flat;12;25;1;40.2;23056412;Нагатино-Садовники;;;Нагатинская;Первый Нагатинский
Whitewill;real_estate_agent;https://www.cian.ru/sale/flat/303207257/;Москва;sale;flat;13;21;2;70.0;35500000;Филевский парк;Береговой проезд;5к2;Фили;Фили Град
Центр-Инвест;developer;https://www.cian.ru/sale/flat/299384199/;Москва;sale;flat;2;35;2;43.1;18070574;Левобережный;Фестивальная ;15к24/1;Речной вокзал;Фестиваль парк-2
NIKA ESTATE;real_estate_agent;https://www.cian.ru/sale/flat/302747341/;Москва;sale;flat;15;32;2;64.0;59000000;Дорогомилово;Поклонная ;9;Поклонная;Поклонная 9
Пионер;developer;https://www.cian.ru/sale/flat/301514338/;Москва;sale;flat;3;25;1;38.65;17201278;Москворечье-Сабурово;;;Варшавская;Лайф Варшавская ЖК
;;https://www.cian.ru/sale/flat/301960480/;Москва;sale;flat;1;4;2;53.8;9400000;Фили-Давыдково; Алексея Свиридова;1;Кунцевская;
КОРТРОС;developer;https://www.cian.ru/sale/flat/302789652/;Москва;sale;flat;14;49;1;40.1;17964800;Марьина роща;;;Марьина Роща;Тэйт ЖК
Dream Realty;real_estate_agent;https://www.cian.ru/sale/flat/302591225/;Москва;sale;flat;9;28;1;34.7;14800000;Богородское;Открытое шоссе;14Д;Бульвар Рокоссовского;Талисман на Рокоссовского
Sminex;developer;https://www.cian.ru/sale/flat/303649388/;Москва;sale;flat;22;23;1;298.3;448200000;Пресненский;;;Улица 1905 года;Лайф Тайм ЖК
PROНЕДВИЖИМОСТЬ;real_estate_agent;https://www.cian.ru/sale/flat/300032614/;Москва;sale;flat;2;9;2;46.0;10300000;Текстильщики;Грайвороновская ;18К3;Текстильщики;
Донстрой;developer;https://www.cian.ru/sale/flat/304095698/;Москва;sale;flat;2;16;1;54.7;42086180;Раменки; Сергея Бондарчука;2;Мичуринский проспект;Река
Екатерина Боброва;realtor;https://www.cian.ru/sale/flat/303375655/;Москва;sale;flat;10;12;1;38.0;15950000;КРАСИВАЯ квартира в шикарном е1-комн. квартира;38 м²;;;
Level Group;developer;https://www.cian.ru/sale/flat/303453829/;Москва;sale;flat;2;37;2;37.4;16591724;Нижегородский;;3;Нижегородская;Левел Нижегородская ЖК
Kalinka Group;real_estate_agent;https://www.cian.ru/sale/flat/295467334/;Москва;sale;flat;5;10;2;106.2;70000000;Хамовники; Пречистенка;40/2С4;Парк Культуры;
MR Group;developer;https://www.cian.ru/sale/flat/303861522/;Москва;sale;flat;2;54;1;36.06;20713585;Хорошево-Мневники;;;Полежаевская;Джойс ЖК
SHOW ME;real_estate_agent;https://www.cian.ru/sale/flat/303527409/;Москва;sale;flat;3;18;1;30.6;10500000;Щукино;Большой Волоколамский проезд;23;Стрешнево;Комплекс апартаментов B’aires
Основа;developer;https://www.cian.ru/sale/flat/286347121/;Москва;sale;flat;2;29;1;45.7;14194420;Черемушки; Наметкина;вл10;Новые Черёмушки;Nametkin Tower
Этажи Москва;real_estate_agent;https://www.cian.ru/sale/flat/301194318/;Москва;sale;flat;16;17;2;37.7;9290000;;;к10-11;Бунинская аллея;Эко Бунино ЖК
LEGENDA Intelligent Development;developer;https://www.cian.ru/sale/flat/302223488/;Москва;sale;flat;54;57;1;36.2;18060180;Левобережный;Ленинградское шоссе;;Беломорская;Северный порт. Береговые кварталы
One Moscow;real_estate_agent;https://www.cian.ru/sale/flat/302398147/;Москва;sale;flat;15;25;1;39.0;17900000;Даниловский;1-я оч.;к13;Технопарк;Shagal
Центр-Инвест;developer;https://www.cian.ru/sale/flat/298329420/;Москва;sale;flat;2;9;1;49.2;50910200;Таганский;Серебрянический переулок;6;Китай-город;Титул на Серебрянической
Никита Гаврилов;realtor;https://www.cian.ru/sale/flat/303952576/;Москва;sale;flat;4;17;2;55.0;21750000;Раменки; Раменки;12;Раменки;
Аеон-Девелопмент;developer;https://www.cian.ru/sale/flat/302037458/;Москва;sale;flat;2;46;2;63.8;43657111;Дорогомилово;Кутузовский проезд;16А/1;Фили;River Park Кутузовский
OPN PARTNER;real_estate_agent;https://www.cian.ru/sale/flat/303116228/;Москва;sale;flat;5;22;1;41.0;11200000;Бирюлево Восточное;6-я Радиальная ;7/1к2;Царицыно;Царицыно-2
Основа;developer;https://www.cian.ru/sale/flat/293623772/;Москва;sale;flat;6;28;1;43.5;17182500;Хорошево-Мневники;;;Полежаевская;Эмоушен ЖК
Наталья Ронжина;realtor;https://www.cian.ru/sale/flat/301614406/;Москва;sale;flat;2;8;2;42.3;18800000;Аэропорт;Ленинградский проспект;78К2;Сокол;
Sminex;developer;https://www.cian.ru/sale/flat/294328835/;Москва;sale;flat;3;6;1;78.7;164750000;Басманный;Потаповский переулок;5С4;Чистые пруды;Чистые Пруды
ID 515728;unknown;https://www.cian.ru/sale/flat/304001773/;Москва;sale;flat;5;9;2;35.0;13850000;Коптево;4-й Новомихалковский проезд;6;Лихоборы;
Tekta Group;developer;https://www.cian.ru/sale/flat/303506233/;Москва;sale;flat;8;28;1;39.7;17789570;Нагорный;;1;Нагорная;Твелв ЖК
Князев и Партнёры;real_estate_agent;https://www.cian.ru/sale/flat/303936001/;Москва;sale;flat;17;24;1;29.1;8500000;Митино;Митинская ;16;Митино;Апарт-отель YE’S
Пионер;developer;https://www.cian.ru/sale/flat/301460115/;Москва;sale;flat;6;26;1;24.4;19216171;Даниловский;;;Павелецкая;Хай Лайф ЖК
CROCUS ESTATE;real_estate_agent;https://www.cian.ru/sale/flat/303790976/;Москва;sale;flat;13;32;2;77.0;36000000;Пресненский;Шмитовский проезд;39к2;Шелепиха;Headliner
Донстрой;developer;https://www.cian.ru/sale/flat/304095278/;Москва;sale;flat;3;18;2;56.1;29906910;Хорошево-Мневники;проезд Проектируемый № 1074;;Терехово ;Остров
NIKA ESTATE;real_estate_agent;https://www.cian.ru/sale/flat/302397364/;Москва;sale;flat;9;11;2;83.3;37100000;Беговой;Ленинградский проспект;35С2;Петровский Парк;Квартал апартаментов Искра-Парк
Центр-Инвест;developer;https://www.cian.ru/sale/flat/298576242/;Москва;sale;flat;15;22;2;38.4;29255040;Красносельский;Большая Спасская ;35;Площадь трёх вокзалов;Dialog
Ирина Савельева;realtor;https://www.cian.ru/sale/flat/297485415/;Москва;sale;flat;10;17;2;38.0;10400000;; Бачуринская;13;Бачуринская;Новая Звезда
Upside Development;developer;https://www.cian.ru/sale/flat/303215964/;Москва;sale;flat;11;12;1;46.2;28644000;Даниловский;2-я Рощинская ;1;Тульская;Данилов дом
Алеся Лунина;realtor;https://www.cian.ru/sale/flat/301746592/;Москва;sale;flat;16;16;2;53.6;17500000;Тропарево-Никулино; Академика Анохина;38К1;Юго-Западная;
Capital Group;developer;https://www.cian.ru/sale/flat/301482951/;Москва;sale;flat;12;18;1;48.3;58149819;Дорогомилово;;;Москва-Сити;Бадаевский ЖК
Whitewill;real_estate_agent;https://www.cian.ru/sale/flat/300655937/;Москва;sale;flat;15;29;2;72.0;40000000;Хорошево-Мневники;Шелепихинская набережная;40к3;Хорошёвская;Sydney City
MR Group;developer;https://www.cian.ru/sale/flat/282209329/;Москва;sale;flat;2;57;1;42.52;24463584;Филевский парк;;;Фили;Фили Сити ЖК
NF Group - ex-Knight Frank;real_estate_agent;https://www.cian.ru/sale/flat/303766765/;Москва;sale;flat;4;20;2;76.6;62046000;Пресненский;Дружинниковская ;15;Краснопресненская;SkyView
3SGroup;developer;https://www.cian.ru/sale/flat/299381088/;Москва;sale;flat;4;17;2;49.5;11498837;;;;Корниловская;FOREVILLE
PANDA ESTATE;real_estate_agent;https://www.cian.ru/sale/flat/299250573/;Москва;sale;flat;4;22;2;55.0;42500000;Якиманка;Мытная ;40к1;Октябрьская;Sky House
Минские холмы;developer;https://www.cian.ru/sale/flat/298045259/;Москва;sale;flat;8;52;2;53.8;21824030;Раменки;проспект Генерала Дорохова;вл1к1;Раменки;Will Towers
Homeapp;real_estate_agent;https://www.cian.ru/sale/flat/302332660/;Москва;sale;flat;11;13;2;83.0;43900000;Раменки;Винницкая ;8к2;Раменки;Настоящее
MR Group;developer;https://www.cian.ru/sale/flat/303489487/;Москва;sale;flat;2;48;2;56.51;17932824;Сокол;шоссе Волоколамское (дублер);;Трикотажная;City Bay
Whitewill;real_estate_agent;https://www.cian.ru/sale/flat/298140403/;Москва;sale;flat;25;49;2;93.6;50000000;Проспект Вернадского; Лобачевского;;Проспект Вернадского;Событие
ДОНСТРОЙ;developer;https://www.cian.ru/sale/flat/304095088/;Москва;sale;flat;2;27;2;55.8;23486220;Лефортово;бульвар Сенкевича;;Римская;Символ
Акрополь;real_estate_agent;https://www.cian.ru/sale/flat/300605973/;Москва;sale;flat;15;16;1;34.3;9500000;; Василия Ощепкова;2;Коммунарка;Москвичка
Optima Development;developer;https://www.cian.ru/sale/flat/301041605/;Москва;sale;flat;2;41;2;48.5;33762426;Хорошевский;Ленинградский проспект;37/2;Петровский Парк;Прайм Парк
ID 221886;realtor;https://www.cian.ru/sale/flat/303196246/;Москва;sale;flat;2;9;2;45.3;14600000;Северное Медведково;Студеный проезд;38к1;Медведково;
Level Group;developer;https://www.cian.ru/sale/flat/301797575/;Москва;sale;flat;2;48;1;32.5;19142110;Очаково-Матвеевское;;к8;Аминьевская;Левел Мичуринский ЖК
Виктория Яковлева;realtor;https://www.cian.ru/sale/flat/303954401/;Москва;sale;flat;11;12;2;42.0;14999000;Бутырский; Яблочкова;41;Фонвизинская;
Level Group;developer;https://www.cian.ru/sale/flat/303990061/;Москва;sale;flat;3;11;1;37.9;26171019;Басманный;Большая Почтовая ;;Электрозаводская;Level Бауманская
Татьяна Серебрякова;realtor;https://www.cian.ru/sale/flat/267759029/;Москва;sale;flat;12;20;2;48.0;17199999;Обручевский; Академика Волгина;8Ак1;Беляево;Светлый город
MR Group;developer;https://www.cian.ru/sale/flat/303227151/;Москва;sale;flat;14;30;1;37.6;18068648;Южнопортовый;Волгоградский проспект;32/5к2;Дубровка;Метрополия
Intermark Real Estate;real_estate_agent;https://www.cian.ru/sale/flat/302818966/;Москва;sale;flat;4;4;2;75.7;39900000;Марьина роща;проезд 12-й Марьиной рощи;8С2;Марьина Роща;Лофт-квартал Studio #12
AFI Development;developer;https://www.cian.ru/sale/flat/294550185/;Москва;sale;flat;15;25;2;47.6;25605040;Обручевский; Академика Челомея;1А;Воронцовская;AFI Park Воронцовский
Intermark Real Estate;real_estate_agent;https://www.cian.ru/sale/flat/303762197/;Москва;sale;flat;8;19;2;60.0;33000000;"Стильный ""лофт"" в е Беговой2-комн. апартаменты";60 м²;;;
Level Group;developer;https://www.cian.ru/sale/flat/302126126/;Москва;sale;flat;23;26;1;33.5;22383347;Нагатино-Садовники;Нагатинская набережная;10А;Нагатинская;Level Нагатинская
NovaEstate;real_estate_agent;https://www.cian.ru/sale/flat/302904537/;Москва;sale;flat;14;16;1;34.8;11700000;Отрадное; Бестужевых;17;Отрадное;
А101;developer;https://www.cian.ru/sale/flat/300576607/;Москва;sale;flat;11;15;2;35.9;9161895;;;;Филатов Луг;Деснаречье ЖК
Intermark Real Estate;real_estate_agent;https://www.cian.ru/sale/flat/300148680/;Москва;sale;flat;7;27;2;67.9;28600000;Лефортово;;;Серп и Молот;Символ ЖК
КОРТРОС;developer;https://www.cian.ru/sale/flat/298603750/;Москва;sale;flat;21;26;2;45.3;21517500;Останкинский;;;ВДНХ;АйЛав ЖК
ФСК Агент;real_estate_agent;https://www.cian.ru/sale/flat/303583248/;Москва;sale;flat;22;45;2;77.1;32300000;Хорошево-Мневники; Шеногина;2;Шелепиха;
Трансстройинвест;developer;https://www.cian.ru/sale/flat/303921201/;Москва;sale;flat;14;22;1;48.6;25876852;Останкинский;проезд Ольминского;4;ВДНХ;Сенатор
ID 413522;realtor;https://www.cian.ru/sale/flat/303087584/;Москва;sale;flat;7;12;2;78.0;104590000;Хамовники; Ефремова;10;Фрунзенская;Садовые кварталы
Колди;developer;https://www.cian.ru/sale/flat/302241722/;Москва;sale;flat;17;21;1;30.09;8649740;Нижегородский;;;Калитники;Н'айс Лофт ЖК
Intermark Real Estate;real_estate_agent;https://www.cian.ru/sale/flat/299639948/;Москва;sale;flat;30;75;2;71.8;66000000;Пресненский;1-й Красногвардейский проезд;22с2;Москва-Сити;NEVA TOWERS
ASTERUS;representative_developer;https://www.cian.ru/sale/flat/303294788/;Москва;sale;flat;14;25;1;37.7;20535964;Покровское-Стрешнево;;;Тушинская;Алиа ЖК
ALVO Group;real_estate_agent;https://www.cian.ru/sale/flat/300346168/;Москва;sale;flat;12;25;2;80.0;40000000;Раменки;Мичуринский проспект;26;Раменки;
TOUCH;developer;https://www.cian.ru/sale/flat/302838439/;Москва;sale;flat;2;13;1;40.02;22691340;Южнопортовый;;к3;Дубровка;Шампайн ЖК
MERSI;real_estate_agent;https://www.cian.ru/sale/flat/303071453/;Москва;sale;flat;10;23;1;35.4;10900000;Южнопортовый;Волгоградский проспект;30С1;Волгоградский проспект;HighWay
Аквилон;developer;https://www.cian.ru/sale/flat/304053417/;Москва;sale;flat;2;23;2;35.5;10513645;Отрадное;Сигнальный проезд;12;Владыкино;Akvilon Signal
Century 21 Premium Property;real_estate_agent;https://www.cian.ru/sale/flat/302757745/;Москва;sale;flat;12;29;2;56.2;30900000;Хорошево-Мневники;Шелепихинская набережная;40к3;Хорошёвская;Sydney City
MR Group;developer;https://www.cian.ru/sale/flat/303135248/;Москва;sale;flat;3;48;1;32.0;13670368;Покровское-Стрешнево;Вишневая ;7С128;Тушинская;Мультиквартал CITYZEN
ЦРУ;real_estate_agent;https://www.cian.ru/sale/flat/304044237/;Москва;sale;flat;9;9;1;30.3;12000000;Восточное Измайлово;Измайловский бульвар;67К1;Первомайская;
Forma;developer;https://www.cian.ru/sale/flat/303666807/;Москва;sale;flat;7;25;2;69.3;29650420;Печатники;Южнопортовая ;;Печатники;Portland
luxе real estate;real_estate_agent;https://www.cian.ru/sale/flat/301721760/;Москва;sale;flat;4;13;2;66.0;24400000;Академический;Новочеремушкинская ;27;Академическая;Новочерёмушкинская, 27
VOS HOD;developer;https://www.cian.ru/sale/flat/300560437/;Москва;sale;flat;8;17;1;69.3;38918880;Филевский парк; Василисы Кожиной;вл25/1;Филёвский парк;AHEAD
ALVO Group;real_estate_agent;https://www.cian.ru/sale/flat/292414471/;Москва;sale;flat;3;20;2;64.0;38000000;Беговой;Бумажный проезд;4;Белорусская;Клубный дом SOHO+NOHO
РГ-Девелопмент;developer;https://www.cian.ru/sale/flat/302013644/;Москва;sale;flat;3;9;2;54.3;12885390;Чертаново Южное;;1.1;Аннино;Варшавские Ворота ЖК
Whitewill;real_estate_agent;https://www.cian.ru/sale/flat/303459806/;Москва;sale;flat;9;15;2;62.9;35500000;Раменки;Винницкая ;8к3;Раменки;Настоящее
Концерн КРОСТ;developer;https://www.cian.ru/sale/flat/298496731/;Москва;sale;flat;14;19;1;29.0;18009000;Щукино; Ротмистрова;2;Октябрьское поле;Театральный квартал
VIСTORY GROUP;real_estate_agent;https://www.cian.ru/sale/flat/302730830/;Москва;sale;flat;14;32;2;64.0;47990000;Дорогомилово;Поклонная ;9;Поклонная;Поклонная 9
Центр-Инвест;representative_developer;https://www.cian.ru/sale/flat/298334392/;Москва;sale;flat;6;15;1;40.5;24502499;Раменки;Винницкая ;8к3;Раменки;Настоящее
Whitewill;real_estate_agent;https://www.cian.ru/sale/flat/303199166/;Москва;sale;flat;7;79;2;62.1;49680000;Пресненский;1-й Красногвардейский проезд;22с2;Москва-Сити;NEVA TOWERS
ДОНСТРОЙ;developer;https://www.cian.ru/sale/flat/304095973/;Москва;sale;flat;13;50;1;39.7;22501960;Раменки;м. Мичуринский проспект;;Мичуринский проспект;Событие
Intermark Real Estate;real_estate_agent;https://www.cian.ru/sale/flat/300553173/;Москва;sale;flat;2;14;2;69.9;35000000;Мещанский; Гиляровского;4К1;Сухаревская;
MR Group;developer;https://www.cian.ru/sale/flat/303786405/;Москва;sale;flat;12;39;1;33.69;14852731;Западное Дегунино;Северный ао;;Селигерская;Селигер Сити ЖК
SKYEST;real_estate_agent;https://www.cian.ru/sale/flat/302885559/;Москва;sale;flat;5;41;2;68.0;51390000;Хорошевский;Ленинградский проспект;37/4;ЦСКА;Прайм Парк
А101;developer;https://www.cian.ru/sale/flat/289129173/;Москва;sale;flat;12;15;2;40.1;10795122;;;к10.1.2;Филатов Луг;Прокшино ЖК
MERSI;real_estate_agent;https://www.cian.ru/sale/flat/303520855/;Москва;sale;flat;1;6;2;54.0;47000000;Пресненский;Большой Козихинский переулок;17С1;Пушкинская;
Hutton Development;developer;https://www.cian.ru/sale/flat/303631394/;Москва;sale;flat;5;17;1;50.3;35000000;Гагаринский;Ленинский проспект;38;Ленинский проспект;Lunar
Whitewill;real_estate_agent;https://www.cian.ru/sale/flat/302363306/;Москва;sale;flat;7;8;2;51.0;75200000;Якиманка;Софийская набережная;34С5;Новокузнецкая;Софийский
РГ-Девелопмент;developer;https://www.cian.ru/sale/flat/302679191/;Москва;sale;flat;11;25;1;38.9;17505000;Щукино; Берзарина;32;Щукинская;Октябрьское поле
One Moscow;real_estate_agent;https://www.cian.ru/sale/flat/303016403/;Москва;sale;flat;12;28;1;45.2;20950000;Даниловский;Автозаводская ;;Автозаводская;Shagal
Level Group;developer;https://www.cian.ru/sale/flat/301557214/;Москва;sale;flat;2;32;1;32.4;27091100;Хорошево-Мневники;Причальный проезд;10А;Шелепиха;Level Причальный
BERI;real_estate_agent;https://www.cian.ru/sale/flat/303804363/;Москва;sale;flat;9;9;2;56.3;18490000;Филевский парк;Новозаводская ;2к8А;Фили;
РКС Девелопмент;developer;https://www.cian.ru/sale/flat/301447803/;Москва;sale;flat;2;16;2;55.54;21287149;Даниловский;Автозаводская ;24К1;Тульская;Дом на набережной INSIDER
Лофт Инвест;real_estate_agent;https://www.cian.ru/sale/flat/303620086/;Москва;sale;flat;16;16;1;19.5;6290000;Отрадное;Алтуфьевское шоссе;2;Владыкино;
РГ-Девелопмент;developer;https://www.cian.ru/sale/flat/301301828/;Москва;sale;flat;3;26;1;37.6;14073680;Соколиная гора;;;Соколиная гора;Семеновский Парк 2 ЖК
Century 21 Level;real_estate_agent;https://www.cian.ru/sale/flat/303116161/;Москва;sale;flat;7;9;2;43.0;11950000;;проспект Магеллана;2;Прокшино;Испанские кварталы
РГ-Девелопмент;developer;https://www.cian.ru/sale/flat/296774064/;Москва;sale;flat;2;24;1;43.9;20014010;Савеловский;Старый Петровско-Разумовский проезд;1/23С5;Гражданская;Петровский парк II
Арт Риэлти;real_estate_agent;https://www.cian.ru/sale/flat/301156873/;Москва;sale;flat;2;7;2;75.0;37800000;Мещанский; Гиляровского;55;Проспект Мира;Дом на Гиляровского
Level Group;developer;https://www.cian.ru/sale/flat/301557027/;Москва;sale;flat;14;31;1;33.9;16524617;Западное Дегунино;Северный ао;к3;Верхние Лихоборы;Левел Селигерская ЖК
MERSI;real_estate_agent;https://www.cian.ru/sale/flat/302961604/;Москва;sale;flat;1;16;1;43.9;13800000;Ховрино; Лавочкина;42;Речной вокзал;
Основа;developer;https://www.cian.ru/sale/flat/297547441/;Москва;sale;flat;26;31;1;43.23;21096240;Марфино;;к1;Улица Милашенкова;Вери ЖК
RND;real_estate_agent;https://www.cian.ru/sale/flat/302489254/;Москва;sale;flat;8;16;1;37.0;22700000;Даниловский; Архитектора Щусева;5к1;ЗИЛ;ЗИЛАРТ
Level Group;developer;https://www.cian.ru/sale/flat/303504885/;Москва;sale;flat;5;48;1;30.0;18466133;Хорошево-Мневники;;;Народное Ополчение;Левел Звенигородская ЖК
PROНЕДВИЖИМОСТЬ;real_estate_agent;https://www.cian.ru/sale/flat/303203965/;Москва;sale;flat;2;25;1;41.3;12200000;Орехово-Борисово Южное;Ясеневая ;12к2;Домодедовская;Ясеневая 14
Level Group;developer;https://www.cian.ru/sale/flat/301565204/;Москва;sale;flat;10;13;1;28.7;11242293;Печатники;;14;Кожуховская;Левел Южнопортовая ЖК
BARNES International Realty;real_estate_agent;https://www.cian.ru/sale/flat/289779311/;Москва;sale;flat;3;25;2;43.2;18500000;Филевский парк;Береговой проезд;5к2;Фили;Фили Град
Группа Родина;developer;https://www.cian.ru/sale/flat/293200734/;Москва;sale;flat;3;13;1;37.3;11278100;; 1-я Ватутинская;14к1;Ольховая;Russian Design District
ID 74595537;unknown;https://www.cian.ru/sale/flat/303959730/;Москва;sale;flat;12;53;2;43.4;27700000;Пресненский;Шмитовский проезд;39к8;Москва-Сити;Headliner
St Michael;developer;https://www.cian.ru/sale/flat/303024826/;Москва;sale;flat;16;21;1;37.68;17665200;Хорошевский;9Ак6;9Ак6;Зорге;Зорге 9 ЖК
PANDA ESTATE;real_estate_agent;https://www.cian.ru/sale/flat/303149151/;Москва;sale;flat;9;10;2;85.0;80000000;Хамовники;Ружейный переулок;3;Смоленская;Смоленская Застава
Forma;developer;https://www.cian.ru/sale/flat/300160043/;Москва;sale;flat;1;20;1;59.34;28625616;Даниловский;Автозаводская ;26;Тульская;FORST
CENTURY 21 Столичная недвижимость;real_estate_agent;https://www.cian.ru/sale/flat/303301977/;Москва;sale;flat;14;27;2;83.0;26800000;Даниловский;1-я оч.;11к2;ЗИЛ;Shagal
Мангазея;developer;https://www.cian.ru/sale/flat/304059316/;Москва;sale;flat;10;41;1;41.3;19530770;Даниловский;Большая Тульская ;10С5;Тульская;Мангазея на Тульской
PANDA ESTATE;real_estate_agent;https://www.cian.ru/sale/flat/299568402/;Москва;sale;flat;4;23;2;70.0;45000000;Хорошевский;9Ак1;9Ак1;Зорге;Зорге 9 ЖК
ID 111759195;developer;https://www.cian.ru/sale/flat/296871845/;Москва;sale;flat;2;14;1;31.0;11312892;Рязанский;Рязанский проспект;;Окская;balance
NIKA ESTATE;real_estate_agent;https://www.cian.ru/sale/flat/300099173/;Москва;sale;flat;3;15;1;37.5;30000000;Аэропорт;Ленинградский проспект;36с39;Динамо;ВТБ Арена парк
Александр Чалый;realtor;https://www.cian.ru/sale/flat/297988982/;Москва;sale;flat;12;29;2;50.0;25600000;Ховрино;Флотская ;7с1;Речной вокзал;
А101;developer;https://www.cian.ru/sale/flat/288821954/;Москва;sale;flat;3;16;2;54.2;26000289;Сокол; Зорге;25С2;Октябрьское поле;Дом на Зорге
Estes;real_estate_agent;https://www.cian.ru/sale/flat/300373373/;Москва;sale;flat;9;23;2;68.4;32500000;Хорошево-Мневники;Жилой комплекс остров;2-й кв-л;Терехово ;Остров
ALVO Group;real_estate_agent;https://www.cian.ru/sale/flat/302615259/;Москва;sale;flat;7;9;2;65.0;41900000;Басманный; Земляной Вал;21/2С1;Курская;
City View;real_estate_agent;https://www.cian.ru/sale/flat/303780972/;Москва;sale;flat;39;44;2;69.4;49000000;Пресненский;Ходынская ;2;Улица 1905 года;Пресня Сити
Soul Estate;real_estate_agent;https://www.cian.ru/sale/flat/302342877/;Москва;sale;flat;6;6;2;143.0;154346399;Якиманка; Большая Полянка;61С2;Добрынинская;
Soul Estate;real_estate_agent;https://www.cian.ru/sale/flat/303252400/;Москва;sale;flat;6;10;2;96.0;260000000;Хамовники; Льва Толстого;23к1;Парк Культуры;Литератор
Лофт Инвест;real_estate_agent;https://www.cian.ru/sale/flat/302900739/;Москва;sale;flat;3;16;1;29.6;7400000;Дмитровский;Дмитровское шоссе;107Б;Яхромская;
Dream Realty;real_estate_agent;https://www.cian.ru/sale/flat/303226697/;Москва;sale;flat;7;12;1;39.4;7900000;;проспект Куприна;32к1;Бунинская аллея;Эко Бунино
А101;developer;https://www.cian.ru/sale/flat/301534151/;Москва;sale;flat;9;10;2;43.2;8796787;;;3.3;Толстопальцево;Родные кварталы ЖК
ЦеНтр ПИК;real_estate_agent;https://www.cian.ru/sale/flat/294469100/;Москва;sale;flat;9;9;2;44.0;12300000;Нижегородский;Нижегородская ;49А;Нижегородская;
ID 95996886;realtor;https://www.cian.ru/sale/flat/302896262/;Москва;sale;flat;8;9;2;37.0;13500000;Текстильщики;Волжский бульвар;12К1;Текстильщики;
ID 45097821;realtor;https://www.cian.ru/sale/flat/301645204/;Москва;sale;flat;2;23;2;38.0;13500000;Хорошевский; Зорге;9;Полежаевская;Зорге 9
Виталий Флокосу;realtor;https://www.cian.ru/sale/flat/303001192/;Москва;sale;flat;2;22;1;48.0;14499000;Солнцево;Боровское шоссе;2Ак3;Говорово;Мещерский лес
Евгения Климова;realtor;https://www.cian.ru/sale/flat/302900735/;Москва;sale;flat;2;17;1;37.0;14500000;Хорошевский;9Ак7;9Ак7;Полежаевская;Зорге 9 ЖК
Татьяна Серебрякова;realtor;https://www.cian.ru/sale/flat/302283450/;Москва;sale;flat;5;14;2;52.0;15999999;Марьино;Братиславская ;6К1;Братиславская;
Павел Пряжников;realtor;https://www.cian.ru/sale/flat/303823301/;Москва;sale;flat;9;16;1;38.0;16400000;Кунцево;Полоцкая ;25к1;Молодёжная;
LEGENDA Intelligent Development;developer;https://www.cian.ru/sale/flat/302124517/;Москва;sale;flat;3;34;1;47.8;19320760;Левобережный;Ленинградское шоссе;;Беломорская;Северный порт. Береговые кварталы
Юлия Похлёбина;realtor;https://www.cian.ru/sale/flat/303496415/;Москва;sale;flat;9;25;2;61.5;19990000;; Анны Ахматовой;8;Рассказовка;Переделкино Ближнее Город-парк
Самолет Плюс Москва;real_estate_agent;https://www.cian.ru/sale/flat/302793185/;Москва;sale;flat;3;10;2;63.0;26000000;Можайский;Барвихинская ;6;Сетунь;Дом на Барвихинской
Пионер;developer;https://www.cian.ru/sale/flat/301460277/;Москва;sale;flat;16;39;1;37.2;27747294;Даниловский;;;Павелецкая;Хай Лайф ЖК
ЦеНтр ПИК;real_estate_agent;https://www.cian.ru/sale/flat/303155483/;Москва;sale;flat;3;7;2;80.0;29290000;Басманный;Нижняя Красносельская ;35С2;Бауманская;Kleinhouse
Estes;real_estate_agent;https://www.cian.ru/sale/flat/302214446/;Москва;sale;flat;28;45;2;77.1;37400000;Хорошево-Мневники;;;Шелепиха;Сидней Сити ЖК
Intermark Real Estate;real_estate_agent;https://www.cian.ru/sale/flat/293510493/;Москва;sale;flat;8;22;2;87.2;38000000;Раменки; Пырьева;9К1;Поклонная;
ЦеНтр ПИК;real_estate_agent;https://www.cian.ru/sale/flat/302363686/;Москва;sale;flat;6;14;2;78.0;37990000;Беговой;Скаковая ;5;Белорусская;
Upside Development;developer;https://www.cian.ru/sale/flat/303215976/;Москва;sale;flat;12;12;1;58.7;38155000;Даниловский;2-я Рощинская ;1;Тульская;Данилов дом
Vesco Realty;real_estate_agent;https://www.cian.ru/sale/flat/300660827/;Москва;sale;flat;28;29;2;53.6;42800000;Якиманка;Мытная ;40к4;Октябрьская;Sky House
Apple Real Estate;real_estate_agent;https://www.cian.ru/sale/flat/296403571/;Москва;sale;flat;4;8;2;65.0;44900000;Тверской;Благовещенский переулок;5;Маяковская;
Intermark Real Estate;real_estate_agent;https://www.cian.ru/sale/flat/300812063/;Москва;sale;flat;2;3;2;77.0;50000000;Хамовники;Саввинская набережная;5;Киевская;
Intermark Real Estate;real_estate_agent;https://www.cian.ru/sale/flat/302543412/;Москва;sale;flat;8;9;2;71.3;60000000;Тверской;1-я Тверская-Ямская ;7;Маяковская;
Intermark Real Estate;real_estate_agent;https://www.cian.ru/sale/flat/292154263/;Москва;sale;flat;4;20;2;76.6;62046000;Пресненский;Дружинниковская ;15;Краснопресненская;SkyView
Point Estate Город;real_estate_agent;https://www.cian.ru/sale/flat/299008779/;Москва;sale;flat;12;28;2;121.68;63400000;Кунцево; Академика Павлова;28;Молодёжная;Академика Павлова
Vesco Realty;real_estate_agent;https://www.cian.ru/sale/flat/295368581/;Москва;sale;flat;3;9;2;135.4;145000000;Якиманка; Малая Полянка;2;Полянка;Онегин
Intermark Real Estate;real_estate_agent;https://www.cian.ru/sale/flat/290697585/;Москва;sale;flat;3;9;2;148.5;230000000;Тверской;1-я Тверская-Ямская ;2;Маяковская;Vesper Tverskaya
CENTURY 21 Столичная недвижимость;real_estate_agent;https://www.cian.ru/sale/flat/303176840/;Москва;sale;flat;7;12;1;43.0;5800000;; Гореловская;3;Силикатная;
ID 96167522;realtor;https://www.cian.ru/sale/flat/301361857/;Москва;sale;flat;5;9;1;29.5;6688500;Люблино; Верхние Поля;27С2;Братиславская;
ID 96167522;realtor;https://www.cian.ru/sale/flat/296746930/;Москва;sale;flat;1;9;1;34.9;6854250;Люблино; Верхние Поля;27С2;Братиславская;
ХОРЕКА ИНВЕСТ;real_estate_agent;https://www.cian.ru/sale/flat/292414373/;Москва;sale;flat;16;22;1;15.1;7450000;Тропарево-Никулино;Ленинский проспект;158;Тропарёво;
ХОРЕКА ИНВЕСТ;real_estate_agent;https://www.cian.ru/sale/flat/301906475/;Москва;sale;flat;16;22;1;17.3;7700000;Тропарево-Никулино;Ленинский проспект;158;Тропарёво;
ХОРЕКА ИНВЕСТ;real_estate_agent;https://www.cian.ru/sale/flat/294623881/;Москва;sale;flat;15;22;1;19.9;8060000;Тропарево-Никулино;Ленинский проспект;158;Тропарёво;
ID 107814632;homeowner;https://www.cian.ru/sale/flat/304088261/;Москва;sale;flat;2;2;2;24.4;8170000;Текстильщики;1-й Грайвороновский проезд;1;Текстильщики;Грани
ХОРЕКА ИНВЕСТ;real_estate_agent;https://www.cian.ru/sale/flat/295014010/;Москва;sale;flat;6;22;1;17.3;8590000;Тропарево-Никулино;Ленинский проспект;158;Тропарёво;
Msk Estate;real_estate_agent;https://www.cian.ru/sale/flat/300858701/;Москва;sale;flat;6;22;1;17.3;8590000;Тропарево-Никулино;Ленинский проспект;158;Юго-Западная;
ХОРЕКА ИНВЕСТ;real_estate_agent;https://www.cian.ru/sale/flat/296124514/;Москва;sale;flat;22;22;1;17.2;8780000;Тропарево-Никулино;Ленинский проспект;158;Тропарёво;
ХОРЕКА ИНВЕСТ;real_estate_agent;https://www.cian.ru/sale/flat/292542632/;Москва;sale;flat;22;22;1;19.4;8880000;Тропарево-Никулино;Ленинский проспект;158;Тропарёво;
Msk Estate;real_estate_agent;https://www.cian.ru/sale/flat/300822403/;Москва;sale;flat;22;22;1;19.4;8880000;Тропарево-Никулино;Ленинский проспект;158;Юго-Западная;
Msk Estate;real_estate_agent;https://www.cian.ru/sale/flat/301476484/;Москва;sale;flat;13;22;1;17.6;8900000;Тропарево-Никулино;Ленинский проспект;158;Юго-Западная;
ХОРЕКА ИНВЕСТ;real_estate_agent;https://www.cian.ru/sale/flat/294621795/;Москва;sale;flat;13;22;1;19.9;9070000;Тропарево-Никулино;Ленинский проспект;158;Тропарёво;
Msk Estate;real_estate_agent;https://www.cian.ru/sale/flat/303666748/;Москва;sale;flat;16;22;1;19.2;9000000;Тропарево-Никулино;Ленинский проспект;158;Юго-Западная;
ID 96167522;realtor;https://www.cian.ru/sale/flat/298882717/;Москва;sale;flat;9;9;1;36.5;9215000;Люблино; Верхние Поля;27С2;Братиславская;
SITRealty;real_estate_agent;https://www.cian.ru/sale/flat/303560811/;Москва;sale;flat;4;7;1;40.0;9650000;; Медовая Долина;2;Санино;Баркли Медовая долина
BERI;real_estate_agent;https://www.cian.ru/sale/flat/303866591/;Москва;sale;flat;4;5;2;42.8;11500000;Новогиреево;Мартеновская ;16/36;Новогиреево;
BERI;real_estate_agent;https://www.cian.ru/sale/flat/300568239/;Москва;sale;flat;3;5;2;46.7;12390000;Новогиреево;Мартеновская ;20;Новогиреево;
BERI;real_estate_agent;https://www.cian.ru/sale/flat/303817562/;Москва;sale;flat;3;9;2;47.0;12490000;Орехово-Борисово Южное;Домодедовская ;33;Домодедовская;
BERI;real_estate_agent;https://www.cian.ru/sale/flat/303274502/;Москва;sale;flat;3;9;1;32.1;12690000;Южнопортовый;5-я Кожуховская ;22К2;Кожуховская;
Business Leader;real_estate_agent;https://www.cian.ru/sale/flat/301821529/;Москва;sale;flat;14;14;1;38.9;12800000;Южнопортовый;Шарикоподшипниковская ;16;Дубровка;
BERI;real_estate_agent;https://www.cian.ru/sale/flat/303810531/;Москва;sale;flat;5;8;2;44.7;14190000;Донской;Варшавское шоссе;18К3;Верхние котлы;
Rooms and Rent Group;real_estate_agent;https://www.cian.ru/sale/flat/303921166/;Москва;sale;flat;16;20;1;41.9;14600000;Чертаново Южное;Варшавское шоссе;160к2;Аннино;Аннинский
PROНЕДВИЖИМОСТЬ;real_estate_agent;https://www.cian.ru/sale/flat/303870914/;Москва;sale;flat;9;17;2;51.1;14800000;Марьино;Новомарьинская ;36К1;Братиславская;
BERI;real_estate_agent;https://www.cian.ru/sale/flat/301597650/;Москва;sale;flat;5;9;2;44.8;15190000;Очаково-Матвеевское;Очаковское шоссе;11К1;Аминьевская;
Century 21 Level;real_estate_agent;https://www.cian.ru/sale/flat/303807545/;Москва;sale;flat;14;17;2;64.0;15990000;; Бориса Пастернака;49;Мичуринец;
Князев и Партнёры;real_estate_agent;https://www.cian.ru/sale/flat/301506427/;Москва;sale;flat;1;12;2;38.2;17200000;Тверской; Бутырский Вал;34;Белорусская;
One Moscow;real_estate_agent;https://www.cian.ru/sale/flat/303787673/;Москва;sale;flat;3;16;2;57.0;17500000;;проспект Прокшинский;10;Прокшино;Прокшино
ID 21251358;realtor;https://www.cian.ru/sale/flat/303646912/;Москва;sale;flat;6;43;1;28.0;17490000;Раменки; Василия Ланового;1к1;Аминьевская;Огни
One Moscow;real_estate_agent;https://www.cian.ru/sale/flat/302728199/;Москва;sale;flat;5;17;2;55.9;18000000;Отрадное;Нововладыкинский проезд;1к3;Окружная;Поколение
Андрей Иванов;realtor;https://www.cian.ru/sale/flat/299174112/;Москва;sale;flat;22;33;1;34.4;19000000;Хорошево-Мневники;Причальный проезд;10Б;Шелепиха;Level Причальный
MR Group;developer;https://www.cian.ru/sale/flat/303227074/;Москва;sale;flat;17;30;1;41.5;19199932;Южнопортовый;Волгоградский проспект;32/3к4;Волгоградский проспект;Метрополия
BERI;real_estate_agent;https://www.cian.ru/sale/flat/301596332/;Москва;sale;flat;4;5;2;53.9;20290000;Ломоносовский; Строителей;5К4;Университет;
BERI;real_estate_agent;https://www.cian.ru/sale/flat/303814205/;Москва;sale;flat;2;9;1;34.1;20490000;Красносельский;переулок Даев;12/16;Сухаревская;
Intermark Real Estate;real_estate_agent;https://www.cian.ru/sale/flat/300140948/;Москва;sale;flat;11;20;1;44.0;22490000;Левобережный;Ленинградское шоссе;69;Беломорская;Aquatoria
BARNES International Realty;real_estate_agent;https://www.cian.ru/sale/flat/296736911/;Москва;sale;flat;4;21;1;45.15;22500000;Алексеевский;Новоалексеевская ;16к2;Алексеевская;Серебряный фонтан
ID 104795526;real_estate_agent;https://www.cian.ru/sale/flat/297486676/;Москва;sale;flat;2;9;1;41.4;22900000;Хамовники;Комсомольский проспект;23/7;Фрунзенская;
Арт Риэлти;real_estate_agent;https://www.cian.ru/sale/flat/303933867/;Москва;sale;flat;8;46;2;43.5;23500000;Хорошево-Мневники;Шелепихинская набережная;34к6;Шелепиха;Сердце Столицы
CENTURY 21 Столичная недвижимость;real_estate_agent;https://www.cian.ru/sale/flat/303100522/;Москва;sale;flat;9;17;2;75.0;24500000;Даниловский;1-я оч.;11к2;ЗИЛ;Shagal
MR Group;developer;https://www.cian.ru/sale/flat/276155299/;Москва;sale;flat;3;57;1;42.77;24617001;Филевский парк;;;Фили;Фили Сити ЖК
Kalinka Group;real_estate_agent;https://www.cian.ru/sale/flat/293718260/;Москва;sale;flat;5;6;1;43.0;27500000;Беговой; 3-я Ямского Поля;9;Белорусская;Art Residence
Delight Realty;real_estate_agent;https://www.cian.ru/sale/flat/295316100/;Москва;sale;flat;22;42;2;61.6;27990000;Филевский парк;Багратионовский проезд;5Ак1;Фили;Filicity
Alliance Agency Real Estate;real_estate_agent;https://www.cian.ru/sale/flat/300386935/;Москва;sale;flat;10;33;2;44.3;28500000;Хорошево-Мневники;Причальный проезд;10А;Шелепиха;Level Причальный
One Moscow;real_estate_agent;https://www.cian.ru/sale/flat/303788194/;Москва;sale;flat;14;29;2;50.1;29600000;Хорошево-Мневники;Шелепихинская набережная;40к3;Хорошёвская;Sydney City
One Moscow;real_estate_agent;https://www.cian.ru/sale/flat/303196371/;Москва;sale;flat;14;28;2;67.0;30000000;Можайский;переулок 2-й Петра Алексеева;5;Рабочий посёлок;КутузовGRAD II
Whitewill;real_estate_agent;https://www.cian.ru/sale/flat/288460035/;Москва;sale;flat;9;21;2;50.3;33400000;Басманный; Земляной Вал;37к1;Чкаловская;Дом Chkalov
Century 21 Premium Property;real_estate_agent;https://www.cian.ru/sale/flat/303401196/;Москва;sale;flat;26;43;2;62.8;35200000;Хорошево-Мневники;Шелепихинская набережная;40к1;Шелепиха;Sydney City
Whitewill;real_estate_agent;https://www.cian.ru/sale/flat/303875575/;Москва;sale;flat;21;36;2;56.1;35500000;Хорошево-Мневники;Шелепихинская набережная;42к2;Полежаевская;FreeDOM
ID 74438895;realtor;https://www.cian.ru/sale/flat/302406289/;Москва;sale;flat;11;16;2;63.0;35900000;Сокольники; Матросская Тишина;12;Сокольники;Ренессанс
Alliance Agency Real Estate;real_estate_agent;https://www.cian.ru/sale/flat/302295108/;Москва;sale;flat;10;46;2;58.5;39900000;Даниловский;Дубининская ;59А;Павелецкая;Павелецкая Сити
Intermark Real Estate;real_estate_agent;https://www.cian.ru/sale/flat/296565916/;Москва;sale;flat;4;8;2;65.0;44900000;Тверской;Благовещенский переулок;5;Маяковская;
Intermark Real Estate;real_estate_agent;https://www.cian.ru/sale/flat/277370296/;Москва;sale;flat;2;7;2;60.4;47133384;Пресненский;Никитский бульвар;12;Арбатская;
Point Estate Город;real_estate_agent;https://www.cian.ru/sale/flat/299008778/;Москва;sale;flat;4;28;2;70.0;48000000;Кунцево; Академика Павлова;28;Молодёжная;Академика Павлова
Intermark Real Estate;real_estate_agent;https://www.cian.ru/sale/flat/296060032/;Москва;sale;flat;5;8;2;52.7;49000000;Таганский;Славянская площадь;2/5с1;Китай-город;LUMIN
Capital Group;developer;https://www.cian.ru/sale/flat/301483027/;Москва;sale;flat;12;18;1;53.4;59653573;Дорогомилово;;;Москва-Сити;Бадаевский ЖК
Intermark Real Estate;real_estate_agent;https://www.cian.ru/sale/flat/300133660/;Москва;sale;flat;3;3;2;107.8;70000000;Покровское-Стрешнево;Ленинградское шоссе;23к1;Балтийская;TWEED PARK
Whitewill;real_estate_agent;https://www.cian.ru/sale/flat/303370372/;Москва;sale;flat;4;8;1;57.0;70000000;Таганский;Тессинский переулок;1;Чкаловская;Тессинский, 1
Whitewill;real_estate_agent;https://www.cian.ru/sale/flat/299558863/;Москва;sale;flat;2;4;2;136.6;75000000;Донской;Варшавское шоссе;9с28;Тульская;Даниловская мануфактура
Monumental Group;real_estate_agent;https://www.cian.ru/sale/flat/300006046/;Москва;sale;flat;4;6;2;156.0;77400000;Тверской; Малая Дмитровка;29С1;Маяковская;
Whitewill Москва-Сити;real_estate_agent;https://www.cian.ru/sale/flat/303920462/;Москва;sale;flat;17;78;2;92.0;80000000;Пресненский;1-й Красногвардейский проезд;22с2;Москва-Сити;NEVA TOWERS
Правовой центр жилья;real_estate_agent;https://www.cian.ru/sale/flat/303612164/;Москва;sale;flat;2;8;2;77.4;123000000;Красносельский;Костянский переулок;13;Сретенский бульвар;Клубный дом TURGENEV
Soul Estate;real_estate_agent;https://www.cian.ru/sale/flat/302731259/;Москва;sale;flat;5;14;2;82.0;150000000;Хамовники;Трубецкая ;10;Фрунзенская;Дом на Трубецкой
Кристина Лебедева;realtor;https://www.cian.ru/sale/flat/300285703/;Москва;sale;flat;3;4;2;36.0;10150000;Соколиная гора;Щербаковская ;53;Измайлово;
Life Style;real_estate_agent;https://www.cian.ru/sale/flat/301907258/;Москва;sale;flat;2;12;1;38.7;10600000;Строгино; Исаковского;2К1;Мякинино;
TimeProperty;real_estate_agent;https://www.cian.ru/sale/flat/297704043/;Москва;sale;flat;15;21;1;36.5;16500000;Головинский;Кронштадтский бульвар;к1/2;Водный стадион;Кронштадтский 9
Prime;real_estate_agent;https://www.cian.ru/sale/flat/300941020/;Москва;sale;flat;2;28;1;46.3;18400000;Даниловский;1-я оч.;к7;ЗИЛ;Shagal
ФСК Агент;real_estate_agent;https://www.cian.ru/sale/flat/303228530/;Москва;sale;flat;19;43;1;39.5;21050000;Хорошево-Мневники;Шелепихинская набережная;40к1;Шелепиха;Sydney City
ID 46606378;realtor;https://www.cian.ru/sale/flat/303819109/;Москва;sale;flat;7;39;1;32.3;21777777;Раменки; Лобачевского;120к1;Аминьевская;Крылья
Level Group;developer;https://www.cian.ru/sale/flat/302126131/;Москва;sale;flat;20;26;1;33.5;22848309;Нагатино-Садовники;Нагатинская набережная;10А;Нагатинская;Level Нагатинская
ASTERUS;representative_developer;https://www.cian.ru/sale/flat/302828206/;Москва;sale;flat;14;25;1;44.3;23527036;Покровское-Стрешнево;;;Тушинская;Алиа ЖК
Intermark Real Estate;real_estate_agent;https://www.cian.ru/sale/flat/303902689/;Москва;sale;flat;16;41;2;50.5;24380000;Хорошево-Мневники;Шелепихинская набережная;34к5;Шелепиха;Сердце Столицы
Премиум Сервис;real_estate_agent;https://www.cian.ru/sale/flat/300644939/;Москва;sale;flat;9;29;1;35.4;25000000;Хорошево-Мневники;Шелепихинская набережная;34к4;Шелепиха;Сердце Столицы
Intermark Real Estate;real_estate_agent;https://www.cian.ru/sale/flat/302727288/;Москва;sale;flat;11;15;2;53.0;30500000;Аэропорт;Ленинградский проспект;36с39;Динамо;ВТБ Арена парк
Prime;real_estate_agent;https://www.cian.ru/sale/flat/294562801/;Москва;sale;flat;25;33;2;69.8;36800000;Хорошево-Мневники;Причальный проезд;10к1;Шелепиха;Level Причальный
ФСК Агент;real_estate_agent;https://www.cian.ru/sale/flat/300299470/;Москва;sale;flat;22;44;2;85.7;38000000;Хорошево-Мневники; Шеногина;;Шелепиха;Sydney City
HYDE Residences;real_estate_agent;https://www.cian.ru/sale/flat/303399320/;Москва;sale;flat;50;85;2;92.0;43000000;Пресненский;1-й Красногвардейский проезд;21с2;Деловой центр;МФК ОКО
Kalinka Group;real_estate_agent;https://www.cian.ru/sale/flat/302893025/;Москва;sale;flat;28;29;2;53.0;44000000;Якиманка;Мытная ;40к4;Октябрьская;Sky House
Intermark Real Estate;real_estate_agent;https://www.cian.ru/sale/flat/302620422/;Москва;sale;flat;11;12;2;77.0;64000000;Аэропорт;Ленинградский проспект;36с36;Динамо;ВТБ Арена парк
ТСН Владис;real_estate_agent;https://www.cian.ru/sale/flat/296233811/;Москва;sale;flat;20;25;1;33.9;8000000;;;6;Коммунарка;
Колди;developer;https://www.cian.ru/sale/flat/302241111/;Москва;sale;flat;12;21;1;38.59;11281238;Нижегородский;Автомобильный проезд;4;Калитники;N’ice Loft
Whitewill;real_estate_agent;https://www.cian.ru/sale/flat/299064211/;Москва;sale;flat;8;16;1;29.2;15300000;Хорошево-Мневники; Нижние Мневники;;Мнёвники;Остров
MR Group;developer;https://www.cian.ru/sale/flat/298871546/;Москва;sale;flat;38;48;1;34.8;16136690;Покровское-Стрешнево;Вишневая ;7С128;Тушинская;Мультиквартал CITYZEN
Адресат;real_estate_agent;https://www.cian.ru/sale/flat/303608215/;Москва;sale;flat;18;33;2;57.0;16200000;Южное Бутово; Поляны;5Ак2;Улица Скобелевская;Столичные поляны
Whitewill;real_estate_agent;https://www.cian.ru/sale/flat/298484253/;Москва;sale;flat;3;14;1;38.8;16500000;Даниловский;проспект Лихачева;;ЗИЛ;Nagatino i-Land
Whitewill;real_estate_agent;https://www.cian.ru/sale/flat/303253613/;Москва;sale;flat;4;15;1;30.2;17500000;Хорошевский;Ходынский бульвар;20А;ЦСКА;Лайнер
Whitewill;real_estate_agent;https://www.cian.ru/sale/flat/301313976/;Москва;sale;flat;26;42;2;46.0;22500000;Котловка;Большая Черемушкинская ;25С14;Нагорная;Eniteo
Dream Realty;real_estate_agent;https://www.cian.ru/sale/flat/300877720/;Москва;sale;flat;25;37;2;57.0;23000000;Останкинский; Годовикова;11к5;Алексеевская;iLove
Whitewill;real_estate_agent;https://www.cian.ru/sale/flat/299110205/;Москва;sale;flat;7;11;1;39.8;24950000;Басманный; Казакова;7;Курская;KAZAKOV Grand Loft
Whitewill;real_estate_agent;https://www.cian.ru/sale/flat/296569807/;Москва;sale;flat;50;55;2;42.62;26750000;Марьина роща; 4-я Марьиной рощи;12С4;Марьина Роща;Mod
Whitewill;real_estate_agent;https://www.cian.ru/sale/flat/297075052/;Москва;sale;flat;50;55;2;42.47;26750000;Марьина роща; 4-я Марьиной рощи;12С4;Марьина Роща;Mod
TOUCH;developer;https://www.cian.ru/sale/flat/302838431/;Москва;sale;flat;8;13;1;45.55;29049000;Южнопортовый;;к2;Дубровка;Шампайн ЖК
Century 21 Premium Property;real_estate_agent;https://www.cian.ru/sale/flat/298749234/;Москва;sale;flat;4;25;2;71.0;30600000;Раменки; Янковского;1к3;Аминьевская;Событие
Арт Риэлти;real_estate_agent;https://www.cian.ru/sale/flat/303122846/;Москва;sale;flat;17;22;2;73.3;32000000;Щукино;Щукинская ;3;Стрешнево;Интонация
