	author	author_type	url	location	deal_type	accommodation_type	floor	floors_count	rooms_count	total_meters	price	district	street	house_number	underground	residential_complex
0	VESPER	developer	https://www.cian.ru/sale/flat/262519758/	Москва	sale	flat	5	21	2	110.6	103787040	Пресненский	 Костикова	4к1	Улица 1905 года	Lucky
1	SHOW ME	real_estate_agent	https://www.cian.ru/sale/flat/302081797/	Москва	sale	flat	2	10	2	69.4	85000000	Тверской	 Палиха	4	Менделеевская	Клубный дом Maison Rouge
2	MR Group	developer	https://www.cian.ru/sale/flat/294196808/	Москва	sale	flat	33	41	2	75.2	38352000	Филевский парк	Багратионовский проезд	5Ак1	Фили	Filicity
3	ID 85604823	unknown	https://www.cian.ru/sale/flat/299429352/	Москва	sale	flat	38	51	2	63.0	36000000	Пресненский	Шмитовский проезд	39к8	Шелепиха	Headliner
4	Галс-Девелопмент	developer	https://www.cian.ru/sale/flat/303040420/	Москва	sale	flat	4	6	2	74.91	124200780	Замоскворечье	Космодамианская набережная	4/22С8	Новокузнецкая	Клубный дом Космо 4/22
5	SHOW ME	real_estate_agent	https://www.cian.ru/sale/flat/276019027/	Москва	sale	flat	6	6	2	130.0	58000000	Беговой	 3-я Ямского Поля	9	Белорусская	Art Residence
6	Главстрой	developer	https://www.cian.ru/sale/flat/296921240/	Москва	sale	flat	3	26	2	65.8	27526142	Филевский парк	Береговой проезд	2	Народное Ополчение	Береговой-2
7	САДОВЫЕ КВАРТАЛЫ	real_estate_agent	https://www.cian.ru/sale/flat/303087931/	Москва	sale	flat	7	15	2	120.0	149500000	Хамовники	 Усачева	15	Спортивная	Садовые кварталы
8	Среда	developer	https://www.cian.ru/sale/flat/303859205/	Москва	sale	flat	6	27	2	53.6	20630640	Очаково-Матвеевское	Очаково мкр		Аминьевская	Среда на Лобачевского
9	NF Group - ex-Knight Frank	real_estate_agent	https://www.cian.ru/sale/flat/298050405/	Москва	sale	flat	7	9	2	108.3	169000000	Тверской	1-я Тверская-Ямская 	2	Маяковская	Vesper Tverskaya
10	VESPER	developer	https://www.cian.ru/sale/flat/286258299/	Москва	sale	flat	5	9	2	104.2	143796000	Тверской	1-я Тверская-Ямская 	2	Маяковская	Vesper Tverskaya
11	GRAND ESTATE - Премиальная недвижимость	real_estate_agent	https://www.cian.ru/sale/flat/302837942/	Москва	sale	flat	8	18	2	84.0	62750000	Тверской	 Александра Невского	27	Белорусская	
12	Галс-Девелопмент	developer	https://www.cian.ru/sale/flat/303040534/	Москва	sale	flat	3	8	2	75.2	50308800	Замоскворечье	Шлюзовая набережная	2/1С1	Павелецкая	Элитный жилой комплекс 
13	NIKA ESTATE	real_estate_agent	https://www.cian.ru/sale/flat/303589233/	Москва	sale	flat	8	18	2	84.0	62750000	Тверской	 Александра Невского	27	Белорусская	
14	Галс-Девелопмент	developer	https://www.cian.ru/sale/flat/302186750/	Москва	sale	flat	19	27	2	73.0	33653000	Басманный	 Фридриха Энгельса	56	Бауманская	Премиум-квартал 
15	ID 111240424	homeowner	https://www.cian.ru/sale/flat/300143306/	Москва	sale	flat	38	52	2	63.0	36000000	Пресненский	Шмитовский проезд	39к1	Шелепиха	Headliner
16	PIONEER	developer	https://www.cian.ru/sale/flat/301513284/	Москва	sale	flat	4	22	2	47.2	24921930	Марьина роща	Полковая 	1С12	Савёловская	PRIDE
17	Kalinka Group	real_estate_agent	https://www.cian.ru/sale/flat/301493797/	Москва	sale	flat	9	32	2	63.0	50700000	Дорогомилово	Поклонная 	9	Поклонная	Поклонная 9
18	Рублево-Архангельское	developer	https://www.cian.ru/sale/flat/298516517/	Москва	sale	flat	2	11	2	47.0	24769000			В14 кв-л	Павшино	Сберсити ЖК
19	ID 86900871	realtor	https://www.cian.ru/sale/flat/297947020/	Москва	sale	flat	2	3	2	46.3	56000000	Басманный	 Маросейка	11/4С1	Китай-город	
20	MR Group	developer	https://www.cian.ru/sale/flat/299093508/	Москва	sale	flat	11	41	2	58.5	33468738	Даниловский	Дубининская 	59к7	Серпуховская	Павелецкая Сити
21	ID 112591621	homeowner	https://www.cian.ru/sale/flat/301839935/	Москва	sale	flat	13	45	2	51.0	31500000	Дорогомилово	Кутузовский проезд	16А/1	Деловой центр	River Park Кутузовский
22	Главстрой	developer	https://www.cian.ru/sale/flat/301772281/	Москва	sale	flat	2	8	2	48.83	24219680	Котловка	31/2	31/2	Профсоюзная	Новые Академики ЖК
23	BARNES International Realty	real_estate_agent	https://www.cian.ru/sale/flat/302383452/	Москва	sale	flat	63	65	2	86.0	96000000	Пресненский	1-й Красногвардейский проезд	22с1	Москва-Сити	NEVA TOWERS
24	ANT Development	developer	https://www.cian.ru/sale/flat/303519421/	Москва	sale	flat	2	10	2	59.8	66618396	Дорогомилово		3к8	Поклонная	Виктори Парк Резиденсез ЖК
25	Life Style	real_estate_agent	https://www.cian.ru/sale/flat/294212104/	Москва	sale	flat	34	78	2	76.1	62000000	Пресненский	1-й Красногвардейский проезд	22с2	Москва-Сити	NEVA TOWERS
26	Абсолют Недвижимость	developer	https://www.cian.ru/sale/flat/304065659/	Москва	sale	flat	4	17	2	49.8	53567000	Хамовники			Воробьёвы горы	Коллекция Лужники ЖК
27	Whitewill	real_estate_agent	https://www.cian.ru/sale/flat/303753500/	Москва	sale	flat	3	5	2	69.3	52000000	Хорошевский	Ленинградский проспект	37/5	Аэропорт	Прайм Парк
28	ANT Development	developer	https://www.cian.ru/sale/flat/303519450/	Москва	sale	flat	22	34	2	50.6	59236384	Дорогомилово	Поклонная 	9	Поклонная	Поклонная 9
29	Century 21 Street Realty	real_estate_agent	https://www.cian.ru/sale/flat/295800676/	Москва	sale	flat	4	17	2	44.5	39500000	Пресненский	Звенигородское шоссе	11	Улица 1905 года	Дизайнерский дом Eleven
30	Tekta Group	developer	https://www.cian.ru/sale/flat/301260478/	Москва	sale	flat	5	27	2	40.5	24036750	Даниловский			Павелецкая	Era
31	UINVEST	real_estate_agent	https://www.cian.ru/sale/flat/295055371/	Москва	sale	flat	6	16	1	38.7	9490000			к2.4	Румянцево	Тропарево Парк
32	COLDY	developer	https://www.cian.ru/sale/flat/303330158/	Москва	sale	flat	2	15	2	70.8	54813512	Даниловский	 Серпуховский Вал	7	Тульская	Дом 7 Даниловский
33	Whitewill	real_estate_agent	https://www.cian.ru/sale/flat/301565559/	Москва	sale	flat	5	21	2	117.0	120000000	Пресненский	 Костикова	4к1	Улица 1905 года	Lucky
34	Hutton Development	developer	https://www.cian.ru/sale/flat/303616433/	Москва	sale	flat	5	6	2	75.6	181440000	Якиманка	Софийская набережная	34С3	Новокузнецкая	Клубный дом DUO
35	SHOW ME	real_estate_agent	https://www.cian.ru/sale/flat/272186797/	Москва	sale	flat	11	24	2	46.5	21900000	Головинский	Головинское шоссе	11	Водный стадион	Талисман на Водном
36	Рублево-Архангельское	developer	https://www.cian.ru/sale/flat/301919896/	Москва	sale	flat	2	7	2	72.1	26958190			В17 кв-л	Опалиха	Сберсити ЖК
37	SHOW ME	real_estate_agent	https://www.cian.ru/sale/flat/272003903/	Москва	sale	flat	5	6	2	43.0	27500000	Беговой	 3-я Ямского Поля	9	Белорусская	Art Residence
38	Киноцентр	developer	https://www.cian.ru/sale/flat/302253810/	Москва	sale	flat	7	20	2	54.85	54795150	Пресненский	Дружинниковская 	15	Краснопресненская	SkyView
39	Бюро Эстейт Городская недвижимость	real_estate_agent	https://www.cian.ru/sale/flat/301212653/	Москва	sale	flat	2	24	2	57.4	26000000	Хорошево-Мневники	Шелепихинская набережная	40к2	Шелепиха	Sydney City
40	СИТИ21	developer	https://www.cian.ru/sale/flat/292035501/	Москва	sale	flat	14	15	2	75.8	41390372	Останкинский	проспект Мира	95	Алексеевская	Hill8
41	Villagio Realty	real_estate_agent	https://www.cian.ru/sale/flat/303902201/	Москва	sale	flat	17	24	2	45.0	37000000	Хорошевский	Хорошевское шоссе	25Ак2	Полежаевская	Династия
42	MR Group	developer	https://www.cian.ru/sale/flat/300287958/	Москва	sale	flat	33	43	2	58.83	27333836	Савеловский	2-я Хуторская 	34	Дмитровская	SYMPHONY 34
43	BARNES International Realty	real_estate_agent	https://www.cian.ru/sale/flat/300942839/	Москва	sale	flat	2	7	2	82.6	38000000	Беговой	Ленинградский проспект	15С28	Белорусская	Bolshevik
44	Мангазея	developer	https://www.cian.ru/sale/flat/301581592/	Москва	sale	flat	9	21	2	74.2	36238909	Щукино	Щукинская 		Щукинская	Интонация
45	White and Broughton	real_estate_agent	https://www.cian.ru/sale/flat/299860953/	Москва	sale	flat	9	41	1	40.5	27000000	Хорошевский	Ленинградский проспект	37/3	Аэропорт	Прайм Парк
46	Tekta Group	developer	https://www.cian.ru/sale/flat/303224329/	Москва	sale	flat	7	34	2	41.4	21296160	Обручевский			Воронцовская	Эвер ЖК
47	White and Broughton	real_estate_agent	https://www.cian.ru/sale/flat/299890518/	Москва	sale	flat	9	40	1	41.5	32000000	Хорошевский	Ленинградский проспект	37/4	ЦСКА	Прайм Парк
48	Tekta Group	developer	https://www.cian.ru/sale/flat/301259751/	Москва	sale	flat	23	42	2	41.6	25837760	Котловка	Севастопольский проспект	22А	Нагорная	Eniteo
49	White and Broughton	real_estate_agent	https://www.cian.ru/sale/flat/301550653/	Москва	sale	flat	13	41	1	41.5	31000000	Хорошевский	Ленинградский проспект	37/6	Аэропорт	Прайм Парк
50	Рублево-Архангельское	developer	https://www.cian.ru/sale/flat/293721204/	Москва	sale	flat	3	13	2	82.36	44400276			В20 кв-л	Павшино	Сберсити ЖК
51	White and Broughton	real_estate_agent	https://www.cian.ru/sale/flat/292933473/	Москва	sale	flat	16	40	1	41.1	31500000	Хорошевский	Ленинградский проспект	37/4	ЦСКА	Прайм Парк
52	Рублево-Архангельское	developer	https://www.cian.ru/sale/flat/298516183/	Москва	sale	flat	2	12	2	85.94	38612842			В19 кв-л	Павшино	Сберсити ЖК
53	White and Broughton	real_estate_agent	https://www.cian.ru/sale/flat/301763282/	Москва	sale	flat	39	41	2	56.9	40000000	Хорошевский	Ленинградский проспект	37/6	Аэропорт	Прайм Парк
54	Пионер	developer	https://www.cian.ru/sale/flat/301459955/	Москва	sale	flat	4	11	2	85.3	70625414	Даниловский			Павелецкая	Опус ЖК
55	NF Group - ex-Knight Frank	real_estate_agent	https://www.cian.ru/sale/flat/303582856/	Москва	sale	flat	4	21	2	56.2	60000000	Пресненский	2-я Звенигородская 	16	Улица 1905 года	Lucky
56	Рублево-Архангельское	developer	https://www.cian.ru/sale/flat/299934989/	Москва	sale	flat	4	13	2	81.26	34421736			В21 кв-л	Опалиха	Сберсити ЖК
57	NF Group - ex-Knight Frank	real_estate_agent	https://www.cian.ru/sale/flat/298050415/	Москва	sale	flat	11	13	2	83.0	99000000	Хамовники	 Усачева	15А	Спортивная	Садовые кварталы
58	MR Group	developer	https://www.cian.ru/sale/flat/302792260/	Москва	sale	flat	4	13	2	85.76	106073457	Мещанский	Садовая-Сухаревская 	14	Цветной бульвар	Клубный дом Forum
59	BARNES International Realty	real_estate_agent	https://www.cian.ru/sale/flat/303677788/	Москва	sale	flat	2	6	2	60.5	57475000	Пресненский	Большой Предтеченский переулок	22	Улица 1905 года	
60	Ташир	developer	https://www.cian.ru/sale/flat/264100219/	Москва	sale	flat	28	32	2	78.1	33753258	Черемушки	Херсонская 	43к5	Зюзино	ONYX Deluxe
61	Whitewill Москва-Сити	real_estate_agent	https://www.cian.ru/sale/flat/303800679/	Москва	sale	flat	50	64	2	85.0	63000000	Пресненский	1-й Красногвардейский проезд	22с2	Москва-Сити	NEVA TOWERS
62	EraOneHolding	developer	https://www.cian.ru/sale/flat/280427150/	Москва	sale	flat	3	5	2	178.6	150400000	Арбат	 Арбат	39	Смоленская	Artisan
63	ID 116872018	realtor	https://www.cian.ru/sale/flat/304010195/	Москва	sale	flat	48	69	2	70.0	67200000	Пресненский	Краснопресненская набережная	14Ак2	Москва-Сити	Capital Towers
64	Regions Development	developer	https://www.cian.ru/sale/flat/304060514/	Москва	sale	flat	2	23	2	72.1	35109224	Нагатинский затон	проспект Андропова	9/1к2	Технопарк	Dream Towers
65	Novel Estates	real_estate_agent	https://www.cian.ru/sale/flat/301247847/	Москва	sale	flat	15	77	2	98.0	90000000	Пресненский	1-й Красногвардейский проезд	22с1	Москва-Сити	NEVA TOWERS
66	Regions Development	developer	https://www.cian.ru/sale/flat/303838127/	Москва	sale	flat	2	14	2	40.94	18353366	Преображенское	Жилой комплекс Преображенская площадь		Преображенская площадь	Преображенская площадь
67	Ramenky Realty	real_estate_agent	https://www.cian.ru/sale/flat/303087894/	Москва	sale	flat	9	14	2	99.71	118450000	Хамовники	 Усачева	15А	Спортивная	Садовые кварталы
68	Трансстройинвест	developer	https://www.cian.ru/sale/flat/301925930/	Москва	sale	flat	11	23	2	44.1	21442891	Очаково-Матвеевское	Очаково мкр		Озёрная	ОМ ЖК
69	ФСК Агент	real_estate_agent	https://www.cian.ru/sale/flat/300074305/	Москва	sale	flat	5	38	1	39.8	20000000	Останкинский	 Вильгельма Пика		Ботанический сад	Режиссёр
70	Концерн КРОСТ	developer	https://www.cian.ru/sale/flat/299370748/	Москва	sale	flat	3	6	2	44.0	23232000	Хорошево-Мневники	 Саляма Адиля	2А	Народное Ополчение	Wellton SPA Residence
71	NIKA ESTATE	real_estate_agent	https://www.cian.ru/sale/flat/303635688/	Москва	sale	flat	2	5	2	106.0	160000000	Тверской	Никольская 	10	Площадь Революции	St. Nickolas
72	Ташир	developer	https://www.cian.ru/sale/flat/274701405/	Москва	sale	flat	2	17	2	43.3	27062500	Раменки	Мичуринский проспект	вл30Б	Ломоносовский проспект	Legacy
73	ФСК Агент	real_estate_agent	https://www.cian.ru/sale/flat/298216770/	Москва	sale	flat	13	44	2	73.2	29500000	Хорошево-Мневники	к2/2	к2/2	Шелепиха	Сидней Сити ЖК
74	Сбербанк Капитал	developer	https://www.cian.ru/sale/flat/288177346/	Москва	sale	flat	2	7	2	112.8	118321582	Якиманка	Софийская набережная	36	Новокузнецкая	Резиденция 1864
75	Whitewill	real_estate_agent	https://www.cian.ru/sale/flat/299509241/	Москва	sale	flat	24	24	2	57.4	39000000	Хорошево-Мневники	Шелепихинская набережная	34к3зд7	Шелепиха	Сердце Столицы
76	COLDY	developer	https://www.cian.ru/sale/flat/297997312/	Москва	sale	flat	2	14	2	147.05	303725598	Хамовники	переулок 1-й Тружеников	12	Киевская	Хамовники 12
77	Whitewill	real_estate_agent	https://www.cian.ru/sale/flat/303137027/	Москва	sale	flat	2	5	2	106.0	160000000	Тверской	Никольская 	10	Площадь Революции	St. Nickolas
78	Стадион Спартак	developer	https://www.cian.ru/sale/flat/298406172/	Москва	sale	flat	4	13	2	66.7	32609630	Покровское-Стрешнево	Северо-Западный ао		Спартак	Клубный Город на Реке Примавера ЖК
79	Novel Estates	real_estate_agent	https://www.cian.ru/sale/flat/304063027/	Москва	sale	flat	2	16	2	59.0	36500000	Хамовники	Фрунзенская набережная	50	Спортивная	
80	Sminex	developer	https://www.cian.ru/sale/flat/303125490/	Москва	sale	flat	11	14	2	67.1	38790000	Раменки	проспект Генерала Дорохова	39к2М	Ломоносовский проспект	Собрание клубных домов West Garden
81	NF Group - ex-Knight Frank	real_estate_agent	https://www.cian.ru/sale/flat/303071841/	Москва	sale	flat	19	32	1	32.2	25000000	Пресненский	Шмитовский проезд	39к2	Шелепиха	Headliner
82	Sense Development	developer	https://www.cian.ru/sale/flat/300501957/	Москва	sale	flat	7	13	2	64.9	35782232	Даниловский	Подольское шоссе	3	Тульская	Logos
83	Whitewill	real_estate_agent	https://www.cian.ru/sale/flat/303337092/	Москва	sale	flat	3	7	2	91.2	80000000	Басманный	Гороховский переулок	12с5	Курская	Гороховский 12
84	КРОСТ	developer	https://www.cian.ru/sale/flat/296745429/	Москва	sale	flat	26	28	2	47.5	22182500	Хорошево-Мневники	 Генерала Глаголева			CRYSTAL Трилогия
85	ALFA real estate	real_estate_agent	https://www.cian.ru/sale/flat/300967746/	Москва	sale	flat	6	24	2	40.0	16500000	Митино	Муравская 	46к3	Пятницкое шоссе	Эко-квартал Аквилон Митино
86	Sminex	developer	https://www.cian.ru/sale/flat/304094767/	Москва	sale	flat	3	24	2	55.9	77660000	Пресненский	Электрический переулок	1кАБ	Белорусская	Квартал Тишинский бульвар
87	ALFA real estate	real_estate_agent	https://www.cian.ru/sale/flat/300964449/	Москва	sale	flat	20	22	2	38.4	15500000	Южное Тушино	бульвар Яна Райниса	45К2	Сходненская	
88	Sminex	developer	https://www.cian.ru/sale/flat/293713880/	Москва	sale	flat	2	14	2	85.6	168270000	Якиманка			Боровицкая	Лаврушинский ЖК
89	MHEstate - Элитная недвижимость	real_estate_agent	https://www.cian.ru/sale/flat/303820905/	Москва	sale	flat	10	14	1	65.2	35000000	Мещанский	 Гиляровского	50	Проспект Мира	
90	VESPER	developer	https://www.cian.ru/sale/flat/287317369/	Москва	sale	flat	5	21	1	65.9	78259545	Пресненский	 Костикова	4к1	Улица 1905 года	Lucky
91	ALFA real estate	real_estate_agent	https://www.cian.ru/sale/flat/301407636/	Москва	sale	flat	21	22	1	38.5	15500000	Южное Тушино	бульвар Яна Райниса	45К2	Сходненская	
92	MR Group	developer	https://www.cian.ru/sale/flat/303224692/	Москва	sale	flat	12	44	2	61.78	29208367	Марьина роща	 4-я Марьиной рощи	12К3	Марьина Роща	Mod
93	GLINCOM	official_representative	https://www.cian.ru/sale/flat/297952301/	Москва	sale	flat	2	6	2	90.0	34900000	Алексеевский	проспект Мира	102к2	Алексеевская	Парк Мира
94	Группа Родина	developer	https://www.cian.ru/sale/flat/285606685/	Москва	sale	flat	2	23	2	62.5	31200000	Ростокино		к2	Ботанический сад	Союз ЖК
95	Marry Lane Group	real_estate_agent	https://www.cian.ru/sale/flat/303980600/	Москва	sale	flat	4	10	2	44.3	34000000	Беговой	 1-я Ямского Поля	1к1	Белорусская	Slava
96	EraOneHolding	developer	https://www.cian.ru/sale/flat/284404561/	Москва	sale	flat	8	8	2	121.2	159473684	Арбат	 Арбат	24	Смоленская	Turandot Residences
97	NF Group - ex-Knight Frank	real_estate_agent	https://www.cian.ru/sale/flat/289514736/	Москва	sale	flat	2	5	2	64.0	166400000	Хамовники	Пречистенская набережная	43	Кропоткинская	Carré Blanc
98	Галс-Девелопмент	developer	https://www.cian.ru/sale/flat/303040427/	Москва	sale	flat	4	6	1	51.2	57190400	Замоскворечье	Космодамианская набережная	4/22С9	Новокузнецкая	Клубный дом Космо 4/22
99	ЛИДЕР Риэлти	real_estate_agent	https://www.cian.ru/sale/flat/302153674/	Москва	sale	flat	9	41	1	40.4	31500000	Хорошевский	Ленинградский проспект	37/6	Аэропорт	Прайм Парк
100	Главстрой	developer	https://www.cian.ru/sale/flat/298342644/	Москва	sale	flat	5	20	1	41.0	22168987	Филевский парк	Береговой проезд	2	Народное Ополчение	Береговой-2
101	ЛИДЕР Риэлти	real_estate_agent	https://www.cian.ru/sale/flat/303476125/	Москва	sale	flat	13	40	2	47.3	41150000	Хорошевский	Ленинградский проспект	37/3	Аэропорт	Прайм Парк
102	GloraX	developer	https://www.cian.ru/sale/flat/303476931/	Москва	sale	flat	10	21	2	67.62	38059999	Беговой	 1-я Ямского Поля	28С3	Белорусская	GloraX Premium Белорусская
103	ЛИДЕР Риэлти	real_estate_agent	https://www.cian.ru/sale/flat/303769583/	Москва	sale	flat	27	41	2	70.0	53900000	Хорошевский	Ленинградский проспект	37/5	Аэропорт	Прайм Парк
104	Среда	developer	https://www.cian.ru/sale/flat/303626069/	Москва	sale	flat	3	27	1	35.3	14988380	Очаково-Матвеевское	Очаково мкр		Аминьевская	Среда на Лобачевского
105	Point Estate Город	real_estate_agent	https://www.cian.ru/sale/flat/301035843/	Москва	sale	flat	3	7	2	99.0	80000000	Басманный	Гороховский переулок	12	Курская	Гороховский 12
106	Ташир	developer	https://www.cian.ru/sale/flat/302722354/	Москва	sale	flat	2	16	2	46.8	23868000	Даниловский	 Серпуховский Вал	1	Тульская	DECO RESIDENCE (Апартаменты премиум-класса)
107	Marry Lane Group	real_estate_agent	https://www.cian.ru/sale/flat/292853214/	Москва	sale	flat	36	41	2	58.3	33000000	Раменки	1-й Сетуньский проезд	вл8	Кутузовская	Hide
108	VESPER	developer	https://www.cian.ru/sale/flat/289484529/	Москва	sale	flat	8	9	1	64.5	89010000	Тверской	1-я Тверская-Ямская 	2	Маяковская	Vesper Tverskaya
109	ЛИДЕР Риэлти	real_estate_agent	https://www.cian.ru/sale/flat/302153579/	Москва	sale	flat	12	41	1	41.9	30900000	Хорошевский	Ленинградский проспект	37/6	Аэропорт	Прайм Парк
110	Sminex	developer	https://www.cian.ru/sale/flat/303262395/	Москва	sale	flat	2	21	2	59.52	27900000	Марфино	 Академика Королева	21	Бутырская	Дом Достижение
111	NF Group - ex-Knight Frank	real_estate_agent	https://www.cian.ru/sale/flat/301258691/	Москва	sale	flat	2	21	2	57.23	59000000	Пресненский	2-я Звенигородская 	16	Улица 1905 года	Lucky
112	Forma	developer	https://www.cian.ru/sale/flat/297983491/	Москва	sale	flat	5	29	2	64.8	29626560	Аэропорт	Часовая 	28к8	Сокол	SOUL
113	Whitewill	real_estate_agent	https://www.cian.ru/sale/flat/294872333/	Москва	sale	flat	17	18	2	117.0	179000000	Пресненский	2-я Звенигородская 	11	Улица 1905 года	Резиденция МОНЭ
114	Группа Родина	developer	https://www.cian.ru/sale/flat/303533945/	Москва	sale	flat	4	14	2	49.8	26021300	Можайский			Давыдково	Родина Парк ЖК
115	Whitewill	real_estate_agent	https://www.cian.ru/sale/flat/300701528/	Москва	sale	flat	11	41	2	67.1	33000000	Хорошево-Мневники	Шелепихинская набережная	34к6	Шелепиха	Сердце Столицы
116	Трансстройинвест	developer	https://www.cian.ru/sale/flat/301764354/	Москва	sale	flat	2	8	2	63.6	88149600	Мещанский	Большой Кисельный переулок	11/2с2	Тургеневская	Frank's house
117	ЛИДЕР Риэлти	real_estate_agent	https://www.cian.ru/sale/flat/303615601/	Москва	sale	flat	12	41	1	41.9	30900000	Хорошевский	Ленинградский проспект	37/6	Аэропорт	Прайм Парк
118	Галс-Девелопмент	developer	https://www.cian.ru/sale/flat/303040538/	Москва	sale	flat	5	8	1	48.3	36852900	Замоскворечье	Шлюзовая набережная	2/1С1	Павелецкая	Элитный жилой комплекс 
119	Whitewill	real_estate_agent	https://www.cian.ru/sale/flat/302177521/	Москва	sale	flat	3	15	2	58.54	65000000	Пресненский	 Костикова	4к4	Улица 1905 года	Lucky
120	MR Group	developer	https://www.cian.ru/sale/flat/298278959/	Москва	sale	flat	2	37	2	64.3	41616568	Беговой	Ленинградский проспект	вл8	Белорусская	Slava
121	ZAPAD REALTY - офис Маршала Жукова	real_estate_agent	https://www.cian.ru/sale/flat/303919506/	Москва	sale	flat	22	43	1	44.0	29300000	Хорошево-Мневники	Шелепихинская набережная	34к6	Шелепиха	Сердце Столицы
122	Ташир	developer	https://www.cian.ru/sale/flat/299137381/	Москва	sale	flat	4	21	2	47.9	19339625	Очаково-Матвеевское	Аминьевское шоссе	6	Давыдково	West Tower (Апартаменты бизнес-класса)
123	Homeapp	real_estate_agent	https://www.cian.ru/sale/flat/302203106/	Москва	sale	flat	8	19	1	30.8	20750000	Беговой	Ленинградский проспект	29к3	Динамо	Царская площадь
124	Prime Life Development	developer	https://www.cian.ru/sale/flat/299132492/	Москва	sale	flat	6	28	2	59.76	29898807	Нагатино-Садовники	Нагатинская 	к1вл1	Нагатинская	Первый Нагатинский
125	Whitewill	real_estate_agent	https://www.cian.ru/sale/flat/303753508/	Москва	sale	flat	37	37	1	48.0	42000000	Хорошевский	Ленинградский проспект	37/6	Аэропорт	Прайм Парк
126	Галс-Девелопмент	developer	https://www.cian.ru/sale/flat/303040411/	Москва	sale	flat	5	23	1	47.6	21372400	Басманный	 Фридриха Энгельса	56	Бауманская	Премиум-квартал 
127	Whitewill	real_estate_agent	https://www.cian.ru/sale/flat/301782648/	Москва	sale	flat	10	21	1	65.0	65000000	Пресненский	 Костикова	4к1	Улица 1905 года	Lucky
128	PIONEER	developer	https://www.cian.ru/sale/flat/303709179/	Москва	sale	flat	9	22	1	31.0	16667801	Марьина роща	Полковая 	1С12	Савёловская	PRIDE
129	Whitewill Москва-Сити	real_estate_agent	https://www.cian.ru/sale/flat/299330003/	Москва	sale	flat	63	66	1	86.0	96000000	Пресненский	1-й Красногвардейский проезд	22	Деловой центр	NEVA TOWERS
130	Пионер	developer	https://www.cian.ru/sale/flat/303979491/	Москва	sale	flat	4	25	2	56.59	23201273	Москворечье-Сабурово			Варшавская	Лайф Варшавская ЖК
131	ID 109135729	realtor	https://www.cian.ru/sale/flat/303087972/	Москва	sale	flat	3	21	2	58.54	61000000	Пресненский	 Костикова	4к1	Улица 1905 года	Lucky
132	Рублево-Архангельское	developer	https://www.cian.ru/sale/flat/298849163/	Москва	sale	flat	3	10	1	45.5	23596300			В14 кв-л	Павшино	Сберсити ЖК
133	Оксана Чернега	realtor	https://www.cian.ru/sale/flat/304050433/	Москва	sale	flat	5	14	2	67.8	45000000	Даниловский	 Архитектора Щусева	2к1	ЗИЛ	ЗИЛАРТ
134	MR Group	developer	https://www.cian.ru/sale/flat/299093496/	Москва	sale	flat	18	41	1	37.7	23930985	Даниловский	Дубининская 	59к7	Серпуховская	Павелецкая Сити
135	ID 12530791	unknown	https://www.cian.ru/sale/flat/303761506/	Москва	sale	flat	38	78	1	58.0	70000000	Пресненский	1-й Красногвардейский проезд	22с2	Москва-Сити	NEVA TOWERS
136	Главстрой	developer	https://www.cian.ru/sale/flat/301772066/	Москва	sale	flat	3	35	1	39.08	20505276	Котловка	31/2	31/2	Профсоюзная	Новые Академики ЖК
137	Contact Real Estate	real_estate_agent	https://www.cian.ru/sale/flat/303027445/	Москва	sale	flat	3	20	1	59.0	61800000	Пресненский	 Костикова	4к6	Улица 1905 года	Lucky
138	КОРТРОС	developer	https://www.cian.ru/sale/flat/296640150/	Москва	sale	flat	5	49	2	59.19	23143290	Марьина роща			Марьина Роща	Тэйт ЖК
139	BARNES International Realty	real_estate_agent	https://www.cian.ru/sale/flat/301165914/	Москва	sale	flat	7	24	1	49.0	21500000	Хорошево-Мневники	 Народного Ополчения	11	Народное Ополчение	Wellton park
140	Sminex	developer	https://www.cian.ru/sale/flat/299801831/	Москва	sale	flat	2	23	2	56.0	56130000	Пресненский			Улица 1905 года	Лайф Тайм ЖК
141	NF Group - ex-Knight Frank	real_estate_agent	https://www.cian.ru/sale/flat/301655618/	Москва	sale	flat	1	11	2	74.13	100000000	Дорогомилово		3к2	Парк Победы	Виктори Парк Резиденсез ЖК
142	Донстрой	developer	https://www.cian.ru/sale/flat/304095700/	Москва	sale	flat	3	16	2	81.6	60024960	Раменки	 Сергея Бондарчука	2	Мичуринский проспект	Река
143	HYDE Residences	real_estate_agent	https://www.cian.ru/sale/flat/303400078/	Москва	sale	flat	35	78	2	82.0	55600000	Пресненский	1-й Красногвардейский проезд	22с2	Москва-Сити	NEVA TOWERS
144	MR Group	developer	https://www.cian.ru/sale/flat/303880112/	Москва	sale	flat	2	54	2	59.94	29490480	Хорошево-Мневники			Полежаевская	Джойс ЖК
145	Kalinka Group	real_estate_agent	https://www.cian.ru/sale/flat/303060724/	Москва	sale	flat	8	32	2	63.4	51000000	Дорогомилово	Поклонная 	9	Поклонная	Поклонная 9
146	Абсолют Недвижимость	developer	https://www.cian.ru/sale/flat/304065724/	Москва	sale	flat	3	18	1	49.8	49630000	Хамовники			Воробьёвы горы	Коллекция Лужники ЖК
147	Космополис	real_estate_agent	https://www.cian.ru/sale/flat/303570625/	Москва	sale	flat	12	12	2	45.6	9750000	Бибирево	Белозерская 	1А	Алтуфьево	
148	LEGENDA Intelligent Development	developer	https://www.cian.ru/sale/flat/301551495/	Москва	sale	flat	7	34	2	59.1	22762661	Левобережный	Ленинградское шоссе		Беломорская	Северный порт. Береговые кварталы
149	ZAPAD REALTY - офис Маршала Жукова	real_estate_agent	https://www.cian.ru/sale/flat/302362462/	Москва	sale	flat	13	36	2	64.0	40900000	Хорошево-Мневники	Шелепихинская набережная	34к3зд6	Шелепиха	Сердце Столицы
150	Центр-Инвест	developer	https://www.cian.ru/sale/flat/298329474/	Москва	sale	flat	7	9	2	69.9	69134455	Таганский	Серебрянический переулок	8	Китай-город	Титул на Серебрянической
151	Whitewill	real_estate_agent	https://www.cian.ru/sale/flat/300983679/	Москва	sale	flat	13	21	2	80.3	56700000	Раменки	Мосфильмовская 	88к4	Раменки	Мосфильмовский
152	Основа	developer	https://www.cian.ru/sale/flat/292154031/	Москва	sale	flat	6	28	2	41.3	17065160	Хорошево-Мневники			Полежаевская	Эмоушен ЖК
153	Point Estate Город	real_estate_agent	https://www.cian.ru/sale/flat/299551213/	Москва	sale	flat	4	4	2	59.9	48000000	Пресненский	Малый Козихинский переулок	8/18	Пушкинская	
154	Sminex	developer	https://www.cian.ru/sale/flat/294328854/	Москва	sale	flat	3	6	2	120.3	226580000	Басманный	Потаповский переулок	5С4	Чистые пруды	Чистые Пруды
155	NIKA ESTATE	real_estate_agent	https://www.cian.ru/sale/flat/299655879/	Москва	sale	flat	14	24	2	46.0	31000000	Очаково-Матвеевское	Нежинская 	5к2	Матвеевская	Городские резиденции SPIRES
156	Tekta Group	developer	https://www.cian.ru/sale/flat/301260582/	Москва	sale	flat	14	27	1	28.1	19453630	Даниловский			Павелецкая	Era
157	ZAPAD REALTY - офис Маршала Жукова	real_estate_agent	https://www.cian.ru/sale/flat/300862129/	Москва	sale	flat	24	24	2	58.0	38950000	Хорошево-Мневники	Шелепихинская набережная	34к3	Шелепиха	Сердце Столицы
158	Tekta Group	developer	https://www.cian.ru/sale/flat/303506169/	Москва	sale	flat	3	22	2	39.9	17288670	Нагорный		1	Нагорная	Твелв ЖК
159	ФСК Агент	real_estate_agent	https://www.cian.ru/sale/flat/298473301/	Москва	sale	flat	13	25	2	52.3	23500000	Хорошево-Мневники	Шелепихинская набережная	40к2	Шелепиха	Sydney City
160	COLDY	developer	https://www.cian.ru/sale/flat/303330139/	Москва	sale	flat	2	15	1	35.27	28877924	Даниловский	 Серпуховский Вал	7с16	Тульская	Дом 7 Даниловский
161	Whitewill	real_estate_agent	https://www.cian.ru/sale/flat/295983268/	Москва	sale	flat	44	44	2	86.3	42000000	Хорошево-Мневники	 Шеногина		Шелепиха	Sydney City
162	Hutton Development	developer	https://www.cian.ru/sale/flat/303616410/	Москва	sale	flat	2	6	1	48.3	106260000	Якиманка	Софийская набережная	34С3	Новокузнецкая	Клубный дом DUO
163	ID 107328710	realtor	https://www.cian.ru/sale/flat/296723055/	Москва	sale	flat	9	9	2	49.0	36000000	Арбат	Смоленская 	10	Смоленская	
164	Пионер	developer	https://www.cian.ru/sale/flat/301460245/	Москва	sale	flat	7	39	2	36.0	27793764	Даниловский			Павелецкая	Хай Лайф ЖК
165	Intermark Real Estate	real_estate_agent	https://www.cian.ru/sale/flat/296711017/	Москва	sale	flat	6	12	2	52.0	30000000	Аэропорт	Ленинградский проспект	36с36	Динамо	ВТБ Арена парк
166	Рублево-Архангельское	developer	https://www.cian.ru/sale/flat/301919439/	Москва	sale	flat	2	10	1	42.4	18020000			В17 кв-л	Опалиха	Сберсити ЖК
167	PROНЕДВИЖИМОСТЬ	real_estate_agent	https://www.cian.ru/sale/flat/298966070/	Москва	sale	flat	2	9	2	44.4	12000000	Новогиреево	 Алексея Дикого	20	Новогиреево	
168	Пионер	developer	https://www.cian.ru/sale/flat/301459888/	Москва	sale	flat	6	18	2	48.4	36518949	Донской	2-й Донской проезд	10	Ленинский проспект	SHIFT
169	HOUSE MALL - Городская недвижимость	real_estate_agent	https://www.cian.ru/sale/flat/299203876/	Москва	sale	flat	2	10	1	35.0	13100000	Ростокино	проспект Мира	188Бк2	Ростокино	Триколор
170	СИТИ21	developer	https://www.cian.ru/sale/flat/301268679/	Москва	sale	flat	4	15	1	32.6	12802234	Останкинский	проспект Мира	95	Алексеевская	Hill8
171	Барно Турсунова	realtor	https://www.cian.ru/sale/flat/304102478/	Москва	sale	flat	7	17	2	50.9	15480000	Останкинский	Березовая аллея	19к6	Ботанический сад	Апарт-комплекс Легендарный квартал
172	Upside Development	developer	https://www.cian.ru/sale/flat/303215966/	Москва	sale	flat	11	12	2	77.0	47740000	Даниловский	2-я Рощинская 	1	Тульская	Данилов дом
173	Whitewill	real_estate_agent	https://www.cian.ru/sale/flat/300610100/	Москва	sale	flat	3	24	2	70.0	46500000	Хорошево-Мневники	Шелепихинская набережная	34к3зд7	Шелепиха	Сердце Столицы
174	Capital Group	developer	https://www.cian.ru/sale/flat/301482894/	Москва	sale	flat	11	18	2	45.8	56907301	Дорогомилово			Москва-Сити	Бадаевский ЖК
175	Kalinka Group	real_estate_agent	https://www.cian.ru/sale/flat/299888104/	Москва	sale	flat	44	65	1	52.0	41000000	Пресненский	1-й Красногвардейский проезд	22с1	Москва-Сити	NEVA TOWERS
176	MR Group	developer	https://www.cian.ru/sale/flat/300288766/	Москва	sale	flat	40	54	1	29.14	19101464	Савеловский	2-я Хуторская 	34	Дмитровская	SYMPHONY 34
177	Intermark Real Estate	real_estate_agent	https://www.cian.ru/sale/flat/303564346/	Москва	sale	flat	3	20	2	56.6	64186000	Пресненский	2-я Звенигородская 	16	Улица 1905 года	Lucky
178	Мангазея	developer	https://www.cian.ru/sale/flat/302850687/	Москва	sale	flat	4	21	1	48.0	24209040	Щукино	Щукинская 	3	Щукинская	Интонация
179	HYDE Residences	real_estate_agent	https://www.cian.ru/sale/flat/301809971/	Москва	sale	flat	58	78	2	75.0	45000000	Пресненский	1-й Красногвардейский проезд	22с2	Москва-Сити	NEVA TOWERS
180	MR Group	developer	https://www.cian.ru/sale/flat/290790439/	Москва	sale	flat	2	57	2	58.48	32674530	Филевский парк			Фили	Фили Сити ЖК
181	Intermark Real Estate	real_estate_agent	https://www.cian.ru/sale/flat/297935793/	Москва	sale	flat	3	5	2	52.0	39000000	Донской	4-й Верхний Михайловский проезд	4к1	Шаболовская	
182	Tekta Group	developer	https://www.cian.ru/sale/flat/303224373/	Москва	sale	flat	7	34	1	30.0	16284000	Обручевский			Воронцовская	Эвер ЖК
183	HYDE Residences	real_estate_agent	https://www.cian.ru/sale/flat/303291308/	Москва	sale	flat	50	78	2	64.0	45000000	Пресненский	1-й Красногвардейский проезд	22с2	Москва-Сити	NEVA TOWERS
184	Основа	developer	https://www.cian.ru/sale/flat/287742395/	Москва	sale	flat	3	20	2	34.81	9416105	Северный	Новодачная 	67/68	Новодачная	ФизтехСити
185	Whitewill	real_estate_agent	https://www.cian.ru/sale/flat/301042658/	Москва	sale	flat	24	79	1	72.0	63000000	Пресненский	1-й Красногвардейский проезд	22с1	Москва-Сити	NEVA TOWERS
186	Рублево-Архангельское	developer	https://www.cian.ru/sale/flat/291868741/	Москва	sale	flat	3	13	1	54.02	30299818			В20 кв-л	Павшино	Сберсити ЖК
187	PROНЕДВИЖИМОСТЬ	real_estate_agent	https://www.cian.ru/sale/flat/303633126/	Москва	sale	flat	8	9	2	41.0	11290000	Люблино	 Верхние Поля	7К2	Братиславская	
188	Рублево-Архангельское	developer	https://www.cian.ru/sale/flat/299137613/	Москва	sale	flat	4	12	1	45.87	23045088			В19 кв-л	Павшино	Сберсити ЖК
189	CENTURY 21 Столичная недвижимость	real_estate_agent	https://www.cian.ru/sale/flat/302178019/	Москва	sale	flat	2	12	2	66.5	22800000	Даниловский	3-я оч.	3-я оч.	Технопарк	Шагал ЖК
190	Пионер	developer	https://www.cian.ru/sale/flat/301459957/	Москва	sale	flat	4	11	1	56.1	52874642	Даниловский			Павелецкая	Опус ЖК
191	Kalinka Group	real_estate_agent	https://www.cian.ru/sale/flat/297313098/	Москва	sale	flat	3	21	2	56.6	64186000	Пресненский	2-я Звенигородская 	16	Улица 1905 года	Lucky
192	Level Group	developer	https://www.cian.ru/sale/flat/304073512/	Москва	sale	flat	2	48	2	35.4	22844985	Очаково-Матвеевское		к8	Аминьевская	Левел Мичуринский ЖК
193	Whitewill	real_estate_agent	https://www.cian.ru/sale/flat/302626552/	Москва	sale	flat	18	79	2	71.8	50000000	Пресненский	1-й Красногвардейский проезд	22с2	Москва-Сити	NEVA TOWERS
194	Level Group	developer	https://www.cian.ru/sale/flat/298671589/	Москва	sale	flat	3	17	2	39.8	25553054	Басманный	Большая Почтовая 		Электрозаводская	Level Бауманская
195	Whitewill	real_estate_agent	https://www.cian.ru/sale/flat/287929947/	Москва	sale	flat	7	22	2	75.0	40000000	Раменки	Минская 	1ГК1	Ломоносовский проспект	Золотые Ключи 2
196	Рублево-Архангельское	developer	https://www.cian.ru/sale/flat/300423805/	Москва	sale	flat	2	13	1	56.19	26499204			В21 кв-л	Опалиха	Сберсити ЖК
197	Unique	real_estate_agent	https://www.cian.ru/sale/flat/287678758/	Москва	sale	flat	4	26	1	46.0	32000000	Очаково-Матвеевское	Нежинская 	5к2	Давыдково	Городские резиденции SPIRES
198	MR Group	developer	https://www.cian.ru/sale/flat/303451581/	Москва	sale	flat	11	29	2	55.8	21011728	Южнопортовый	Волгоградский проспект	32/3к4	Дубровка	Метрополия
199	FS PROPERTY	real_estate_agent	https://www.cian.ru/sale/flat/301355208/	Москва	sale	flat	6	6	2	145.5	154346399	Якиманка	 Большая Полянка	61С2	Добрынинская	
200	Level Group	developer	https://www.cian.ru/sale/flat/296357478/	Москва	sale	flat	24	26	2	41.8	26487928	Нагатино-Садовники	Нагатинская набережная	10А	Нагатинская	Level Нагатинская
201	One Moscow	real_estate_agent	https://www.cian.ru/sale/flat/303296300/	Москва	sale	flat	38	68	2	72.5	78000000	Пресненский	1-й Красногвардейский проезд	22с1	Москва-Сити	NEVA TOWERS
202	MR Group	developer	https://www.cian.ru/sale/flat/302792267/	Москва	sale	flat	5	13	1	68.43	97431866	Мещанский	Садовая-Сухаревская 	14	Цветной бульвар	Клубный дом Forum
203	Whitewill Москва-Сити	real_estate_agent	https://www.cian.ru/sale/flat/301716912/	Москва	sale	flat	48	64	2	104.0	88000000	Пресненский	набережная Пресненская	8с1	Деловой центр	Город Столиц
204	Трансстройинвест	developer	https://www.cian.ru/sale/flat/296222970/	Москва	sale	flat	17	22	2	58.9	29460366	Останкинский	проезд Ольминского	4	ВДНХ	Сенатор
205	Whitewill	real_estate_agent	https://www.cian.ru/sale/flat/301362196/	Москва	sale	flat	3	15	1	65.0	61000000	Раменки	Мосфильмовская 	31А	Ломоносовский проспект	KING & SONS
206	Колди	developer	https://www.cian.ru/sale/flat/302241697/	Москва	sale	flat	7	21	2	43.29	12158872	Нижегородский			Калитники	Н'айс Лофт ЖК
207	ID 413522	realtor	https://www.cian.ru/sale/flat/303087594/	Москва	sale	flat	7	14	2	95.0	164990000	Хамовники	 Усачева	15А	Спортивная	Садовые кварталы
208	Regions Development	developer	https://www.cian.ru/sale/flat/304060672/	Москва	sale	flat	2	23	1	57.5	29661082	Нагатинский затон	проспект Андропова	9/1	Технопарк	Dream Towers
209	PROНЕДВИЖИМОСТЬ	real_estate_agent	https://www.cian.ru/sale/flat/303202031/	Москва	sale	flat	2	25	2	41.3	12200000	Орехово-Борисово Южное	Ясеневая 	12к2	Домодедовская	Ясеневая 14
210	Regions Development	developer	https://www.cian.ru/sale/flat/304011899/	Москва	sale	flat	10	16	1	40.9	19546264	Преображенское	Жилой комплекс Преображенская площадь		Преображенская площадь	Преображенская площадь
211	Unique	real_estate_agent	https://www.cian.ru/sale/flat/303783084/	Москва	sale	flat	6	9	2	60.0	18000000		 Ясеневая	1к1	Ольховая	
212	Трансстройинвест	developer	https://www.cian.ru/sale/flat/299589652/	Москва	sale	flat	2	24	1	43.5	17768630	Очаково-Матвеевское	Мичуринский проспект	72А	Озёрная	ОМ
213	PROНЕДВИЖИМОСТЬ	real_estate_agent	https://www.cian.ru/sale/flat/303780364/	Москва	sale	flat	4	9	1	33.0	11900000	Нагатинский затон	Судостроительная 	6	Коломенская	
214	ASTERUS	representative_developer	https://www.cian.ru/sale/flat/299661848/	Москва	sale	flat	2	14	2	57.0	28160045	Покровское-Стрешнево			Тушинская	Алиа ЖК
215	Verges of estate	real_estate_agent	https://www.cian.ru/sale/flat/302141509/	Москва	sale	flat	17	47	2	63.5	28000000	Обручевский	 Академика Волгина	2С3	Воронцовская	Архитектор
216	Концерн КРОСТ	developer	https://www.cian.ru/sale/flat/299370745/	Москва	sale	flat	2	6	1	39.0	19500000	Хорошево-Мневники	 Саляма Адиля	2А	Народное Ополчение	Wellton SPA Residence
217	Whitewill Москва-Сити	real_estate_agent	https://www.cian.ru/sale/flat/280116651/	Москва	sale	flat	62	77	2	111.0	149000000	Пресненский	1-й Красногвардейский проезд	22	Деловой центр	NEVA TOWERS
218	TOUCH	developer	https://www.cian.ru/sale/flat/302838481/	Москва	sale	flat	6	13	2	60.31	35498000	Южнопортовый		к3	Дубровка	Шампайн ЖК
219	Whitewill Москва-Сити	real_estate_agent	https://www.cian.ru/sale/flat/300577056/	Москва	sale	flat	35	78	2	83.0	63000000	Пресненский	1-й Красногвардейский проезд	22	Деловой центр	NEVA TOWERS
220	MR Group	developer	https://www.cian.ru/sale/flat/298871278/	Москва	sale	flat	2	19	2	53.4	18893133	Покровское-Стрешнево			Тушинская	Ситизен ЖК
221	Intermark Real Estate	real_estate_agent	https://www.cian.ru/sale/flat/302999320/	Москва	sale	flat	4	8	2	69.8	58737379	Хамовники	Смоленский бульвар	22/14	Смоленская	
222	COLDY	developer	https://www.cian.ru/sale/flat/297997304/	Москва	sale	flat	2	14	1	101.91	183834633	Хамовники	переулок 1-й Тружеников	12	Киевская	Хамовники 12
223	ID 13184731	realtor	https://www.cian.ru/sale/flat/303480075/	Москва	sale	flat	6	14	2	43.0	13300000	Люблино	Высотный проезд	4	Люблино	
224	Стадион Спартак	developer	https://www.cian.ru/sale/flat/292442347/	Москва	sale	flat	3	13	1	45.4	23081360	Покровское-Стрешнево	Северо-Западный ао		Спартак	Клубный Город на Реке Примавера ЖК
225	TimeProperty	real_estate_agent	https://www.cian.ru/sale/flat/292945866/	Москва	sale	flat	5	15	2	57.4	33000000	Якиманка	 Шаболовка	23к2	Шаболовская	Созвездие Капитал-1
226	КОРТРОС	developer	https://www.cian.ru/sale/flat/289743607/	Москва	sale	flat	33	41	2	66.47	32756416	Пресненский	Шелепихинское шоссе		Шелепиха	Headliner
227	Intermark Real Estate	real_estate_agent	https://www.cian.ru/sale/flat/271842660/	Москва	sale	flat	3	9	2	65.0	85747999	Пресненский	Большая Бронная 	9/1	Пушкинская	
228	VOS HOD	developer	https://www.cian.ru/sale/flat/300560439/	Москва	sale	flat	8	17	2	71.8	43991860	Филевский парк	 Василисы Кожиной	вл25/1	Филёвский парк	AHEAD
229	Intermark Real Estate	real_estate_agent	https://www.cian.ru/sale/flat/290380827/	Москва	sale	flat	2	6	2	107.0	157776319	Таганский	Серебряническая набережная	19	Чкаловская	АртХаус
230	Sminex	developer	https://www.cian.ru/sale/flat/303125654/	Москва	sale	flat	8	14	1	44.6	25870000	Раменки	проспект Генерала Дорохова	39к2Л	Ломоносовский проспект	Собрание клубных домов West Garden
231	TimeProperty	real_estate_agent	https://www.cian.ru/sale/flat/296060335/	Москва	sale	flat	51	53	2	37.4	19500000	Очаково-Матвеевское		к1	Мичуринский проспект	Левел Мичуринский ЖК
232	Концерн КРОСТ	developer	https://www.cian.ru/sale/flat/298380294/	Москва	sale	flat	4	19	2	62.1	27572400	Щукино	 Ротмистрова	2	Октябрьское поле	Театральный квартал
233	Intermark Real Estate	real_estate_agent	https://www.cian.ru/sale/flat/290380842/	Москва	sale	flat	33	73	2	103.0	110000000	Пресненский	набережная Пресненская	8с1	Деловой центр	Город Столиц
234	Центр-Инвест	representative_developer	https://www.cian.ru/sale/flat/304087556/	Москва	sale	flat	7	15	2	40.8	24984579	Раменки	Винницкая 	8к3	Раменки	Настоящее
235	Артем Ченцов	realtor	https://www.cian.ru/sale/flat/302772342/	Москва	sale	flat	9	30	2	49.8	26000000	Хорошево-Мневники	Шелепихинская набережная	40к3	Хорошёвская	Sydney City
236	Sense Development	developer	https://www.cian.ru/sale/flat/298147711/	Москва	sale	flat	12	13	1	43.7	27609617	Даниловский	Подольское шоссе	3	Тульская	Logos
237	СОВКОМБАНК	official_representative	https://www.cian.ru/sale/flat/297233032/	Москва	sale	flat	12	12	1	39.0	9700000	Гольяново	Уральская 	1	Щёлковская	
238	СТ Тауэрс	developer	https://www.cian.ru/sale/flat/302833885/	Москва	sale	flat	42	66	2	67.4	64704000	Пресненский	1-й Красногвардейский проезд	22с1	Москва-Сити	NEVA TOWERS
239	BARNES International Realty	real_estate_agent	https://www.cian.ru/sale/flat/294511036/	Москва	sale	flat	4	23	2	90.6	45000000	Хорошевский	 Гризодубовой	2	ЦСКА	Гранд-парк
240	КРОСТ	developer	https://www.cian.ru/sale/flat/296745539/	Москва	sale	flat	21	28	1	36.9	18117900	Хорошево-Мневники	 Генерала Глаголева			CRYSTAL Трилогия
241	Whitewill	real_estate_agent	https://www.cian.ru/sale/flat/301520504/	Москва	sale	flat	2	21	2	116.0	142000000	Пресненский	 Костикова	4к3	Улица 1905 года	Lucky
242	Sminex	developer	https://www.cian.ru/sale/flat/304094787/	Москва	sale	flat	3	24	1	51.4	53340000	Пресненский	Электрический переулок	1с22	Белорусская	Квартал Тишинский бульвар
243	BARNES International Realty	real_estate_agent	https://www.cian.ru/sale/flat/301353911/	Москва	sale	flat	5	7	2	69.7	100564740	Арбат	Поварская 	8/1к1	Арбатская	De Luxe квартал апартаментов 
244	ДОНСТРОЙ	developer	https://www.cian.ru/sale/flat/304095934/	Москва	sale	flat	4	50	2	68.5	29372800	Раменки	м. Мичуринский проспект		Мичуринский проспект	Событие
245	Никита Гаврилов	realtor	https://www.cian.ru/sale/flat/303910013/	Москва	sale	flat	5	17	2	58.0	19150000	Марьино	Новочеркасский бульвар	47	Марьино	
246	MR Group	developer	https://www.cian.ru/sale/flat/301223453/	Москва	sale	flat	2	39	2	60.57	21980883	Западное Дегунино	Северный ао		Селигерская	Селигер Сити ЖК
247	PROНЕДВИЖИМОСТЬ	real_estate_agent	https://www.cian.ru/sale/flat/302903145/	Москва	sale	flat	10	12	2	44.0	10600000	Дмитровский	Клязьминская 	4	Грачёвская	
248	Sminex	developer	https://www.cian.ru/sale/flat/293713671/	Москва	sale	flat	2	14	1	72.6	133830000	Якиманка			Полянка	Лаврушинский ЖК
249	PROНЕДВИЖИМОСТЬ	real_estate_agent	https://www.cian.ru/sale/flat/303779368/	Москва	sale	flat	9	12	1	35.0	10200000	Новогиреево	Союзный проспект	20К1	Новогиреево	
250	Hutton Development	developer	https://www.cian.ru/sale/flat/299066783/	Москва	sale	flat	3	17	2	100.6	50199400	Гагаринский	Ленинский проспект	38	Ленинский проспект	Lunar
251	Лофт Инвест	real_estate_agent	https://www.cian.ru/sale/flat/299893948/	Москва	sale	flat	5	16	1	38.9	10990000	Отрадное	Алтуфьевское шоссе	2	Владыкино	
252	РГ-Девелопмент	developer	https://www.cian.ru/sale/flat/297536389/	Москва	sale	flat	24	25	2	54.7	22427000	Щукино	 Берзарина	32	Щукинская	Октябрьское поле
253	Данил Пшеничный	realtor	https://www.cian.ru/sale/flat/303857944/	Москва	sale	flat	16	35	1	39.1	19000000	Останкинский	 Годовикова	11к4	Алексеевская	iLove
254	Level Group	developer	https://www.cian.ru/sale/flat/302985345/	Москва	sale	flat	2	11	2	31.0	27492377	Хорошево-Мневники	Причальный проезд	10А	Шелепиха	Level Причальный
255	Whitewill	real_estate_agent	https://www.cian.ru/sale/flat/300015723/	Москва	sale	flat	20	39	2	64.0	37000000	Раменки	 Лобачевского	120к1	Аминьевская	Крылья
256	Level Group	developer	https://www.cian.ru/sale/flat/301555238/	Москва	sale	flat	13	24	2	45.6	19226800	Покровское-Стрешнево	Северо-Западный ао		Тушинская	Левел Стрешнево ЖК
257	Whitewill	real_estate_agent	https://www.cian.ru/sale/flat/290001136/	Москва	sale	flat	2	6	2	75.0	84750000	Замоскворечье	Большой Ордынский переулок	4С4	Третьяковская	Собрание клубных домов ORDYNKA
258	Группа Родина	developer	https://www.cian.ru/sale/flat/293156291/	Москва	sale	flat	2	24	1	40.3	23694900	Ростокино		к3	Ботанический сад	Союз ЖК
259	Whitewill Москва-Сити	real_estate_agent	https://www.cian.ru/sale/flat/299723346/	Москва	sale	flat	63	66	1	86.0	90000000	Пресненский	1-й Красногвардейский проезд	22	Деловой центр	NEVA TOWERS
260	MR Group	developer	https://www.cian.ru/sale/flat/303541823/	Москва	sale	flat	18	44	1	41.34	21971194	Марьина роща	 4-я Марьиной рощи	12К3	Марьина Роща	Mod
261	Алина Валиуллина	realtor	https://www.cian.ru/sale/flat/304000697/	Москва	sale	flat	5	12	2	52.0	28900000	Мещанский	переулок Васнецова	3	Цветной бульвар	
262	РГ-Девелопмент	developer	https://www.cian.ru/sale/flat/292534789/	Москва	sale	flat	2	25	2	54.5	18393750	Соколиная гора			Соколиная гора	Семеновский Парк 2 ЖК
263	GRAND ESTATE - Премиальная недвижимость	real_estate_agent	https://www.cian.ru/sale/flat/302998801/	Москва	sale	flat	9	9	2	46.0	27600000	Хамовники	3-я Фрунзенская 	17	Спортивная	
264	РГ-Девелопмент	developer	https://www.cian.ru/sale/flat/300921483/	Москва	sale	flat	2	19	2	62.8	25170240	Савеловский	Старый Петровско-Разумовский проезд	1/23С5	Гражданская	Петровский парк II
265	PROНЕДВИЖИМОСТЬ	real_estate_agent	https://www.cian.ru/sale/flat/303779112/	Москва	sale	flat	16	17	1	38.2	9400000	Орехово-Борисово Южное	Гурьевский проезд	31К2	Зябликово	
266	Level Group	developer	https://www.cian.ru/sale/flat/303284920/	Москва	sale	flat	29	31	2	40.1	18747400	Западное Дегунино	Северный ао	к3	Верхние Лихоборы	Левел Селигерская ЖК
267	Арт Риэлти	real_estate_agent	https://www.cian.ru/sale/flat/301259458/	Москва	sale	flat	3	26	2	36.0	16580000	Лефортово	 Крузенштерна	12к3	Авиамоторная	Символ
268	Основа	developer	https://www.cian.ru/sale/flat/297432252/	Москва	sale	flat	4	31	2	46.05	21183000	Марфино		к1	Улица Милашенкова	Вери ЖК
269	NF Group - ex-Knight Frank	real_estate_agent	https://www.cian.ru/sale/flat/302590858/	Москва	sale	flat	3	8	2	59.3	48800000	Даниловский	Хавская 	9	Шаболовская	Residence Hall Шаболовский
270	Level Group	developer	https://www.cian.ru/sale/flat/302621324/	Москва	sale	flat	2	64	2	34.9	19444126	Хорошево-Мневники			Народное Ополчение	Левел Звенигородская ЖК
271	EXCLUSIVE CITY	real_estate_agent	https://www.cian.ru/sale/flat/298381402/	Москва	sale	flat	8	21	2	51.0	45000000	Пресненский	набережная Пресненская	10с2	Деловой центр	МФК IQ-квартал
272	Группа Родина	developer	https://www.cian.ru/sale/flat/293200702/	Москва	sale	flat	11	13	2	47.0	14817000		 1-я Ватутинская	12к2	Ольховая	Russian Design District
273	Князев и Партнёры	real_estate_agent	https://www.cian.ru/sale/flat/303275971/	Москва	sale	flat	3	13	2	65.6	49800000	Пресненский	Большая Садовая 	5к1	Маяковская	Квартал апартаментов Сады Пекина
274	Level Group	developer	https://www.cian.ru/sale/flat/301565134/	Москва	sale	flat	11	23	2	34.9	12063811	Печатники		13	Кожуховская	Левел Южнопортовая ЖК
275	Князев и Партнёры	real_estate_agent	https://www.cian.ru/sale/flat/303397064/	Москва	sale	flat	30	41	2	57.0	30000000	Раменки	1-й Сетуньский проезд	вл6	Кутузовская	Hide
276	GloraX	developer	https://www.cian.ru/sale/flat/303477025/	Москва	sale	flat	4	21	1	53.11	29079999	Беговой	 1-я Ямского Поля	28С3	Белорусская	GloraX Premium Белорусская
277	ФОРА	real_estate_agent	https://www.cian.ru/sale/flat/302745451/	Москва	sale	flat	6	6	2	64.2	26500000	Хорошевский	2-й Хорошевский проезд	9К1	Беговая	
278	Sminex	developer	https://www.cian.ru/sale/flat/303262675/	Москва	sale	flat	20	26	1	35.93	21290000	Марфино	 Академика Королева	21	Бутырская	Дом Достижение
279	ID 50126037	homeowner	https://www.cian.ru/sale/flat/303879410/	Москва	sale	flat	11	85	2	89.4	55000000	Пресненский	1-й Красногвардейский проезд	21с2	Деловой центр	МФК ОКО
280	Forma	developer	https://www.cian.ru/sale/flat/300339509/	Москва	sale	flat	4	29	1	37.3	20421750	Аэропорт	Часовая 	28к8	Сокол	SOUL
281	ЛИДЕР Риэлти	real_estate_agent	https://www.cian.ru/sale/flat/303615604/	Москва	sale	flat	15	40	2	48.0	43900000	Хорошевский	Ленинградский проспект	37/4	ЦСКА	Прайм Парк
282	St Michael	developer	https://www.cian.ru/sale/flat/303024911/	Москва	sale	flat	16	21	2	58.28	25323650	Хорошевский	9Ак7	9Ак7	Полежаевская	Зорге 9 ЖК
283	OXE CAPITAL - Элитная Недвижимость	real_estate_agent	https://www.cian.ru/sale/flat/301480836/	Москва	sale	flat	3	7	2	70.0	90960000	Арбат	Поварская 	8/1к1	Арбатская	De Luxe квартал апартаментов 
284	Трансстройинвест	developer	https://www.cian.ru/sale/flat/296303052/	Москва	sale	flat	3	8	1	62.7	89465815	Мещанский	Большой Кисельный переулок	11/2с2	Тургеневская	Frank's house
285	Whitewill	real_estate_agent	https://www.cian.ru/sale/flat/301042655/	Москва	sale	flat	37	79	1	78.0	80000000	Пресненский	1-й Красногвардейский проезд	22с1	Москва-Сити	NEVA TOWERS
286	Forma	developer	https://www.cian.ru/sale/flat/300149586/	Москва	sale	flat	5	20	2	64.41	23811037	Даниловский	Автозаводская 	26	Тульская	FORST
287	Monumental Group	real_estate_agent	https://www.cian.ru/sale/flat/300006052/	Москва	sale	flat	2	5	2	103.0	149980000	Тверской	Никольская 	10/2С2б	Лубянка	St. Nickolas
288	Мангазея	developer	https://www.cian.ru/sale/flat/304059472/	Москва	sale	flat	13	41	2	64.8	27254880	Даниловский	Большая Тульская 	10С5	Тульская	Мангазея на Тульской
289	Dream Realty	real_estate_agent	https://www.cian.ru/sale/flat/303637932/	Москва	sale	flat	8	28	2	61.6	30000000	Раменки	Винницкая 	8к4	Раменки	Настоящее
290	ID 111759195	developer	https://www.cian.ru/sale/flat/296871994/	Москва	sale	flat	13	30	2	38.2	12839096	Рязанский	Рязанский проспект		Окская	balance
291	Universal Realty	real_estate_agent	https://www.cian.ru/sale/flat/304055272/	Москва	sale	flat	20	20	2	51.0	32800000	Филевский парк	Большая Филевская 	3к2	Фили	Западный порт
292	РГ-Девелопмент	developer	https://www.cian.ru/sale/flat/302795522/	Москва	sale	flat	2	20	2	36.0	13795200	Головинский	Михалковская 	48С4	Коптево	Михалковский
293	ID 107105027	homeowner	https://www.cian.ru/sale/flat/303420117/	Москва	sale	flat	8	12	2	100.0	69000000	Аэропорт	Ленинградский проспект	36с30	Петровский Парк	ВТБ Арена парк
294	MR Group	developer	https://www.cian.ru/sale/flat/298874818/	Москва	sale	flat	5	36	1	40.8	28362079	Беговой	Ленинградский проспект	вл8	Белорусская	Slava
295	SKYEST	real_estate_agent	https://www.cian.ru/sale/flat/303742934/	Москва	sale	flat	7	12	2	78.0	104690000	Хамовники	 Ефремова	10с1к4/2	Фрунзенская	Садовые кварталы
296	Prime Life Development	developer	https://www.cian.ru/sale/flat/301781621/	Москва	sale	flat	12	25	1	40.2	23056412	Нагатино-Садовники			Нагатинская	Первый Нагатинский
297	Whitewill	real_estate_agent	https://www.cian.ru/sale/flat/303207257/	Москва	sale	flat	13	21	2	70.0	35500000	Филевский парк	Береговой проезд	5к2	Фили	Фили Град
298	Центр-Инвест	developer	https://www.cian.ru/sale/flat/299384199/	Москва	sale	flat	2	35	2	43.1	18070574	Левобережный	Фестивальная 	15к24/1	Речной вокзал	Фестиваль парк-2
299	NIKA ESTATE	real_estate_agent	https://www.cian.ru/sale/flat/302747341/	Москва	sale	flat	15	32	2	64.0	59000000	Дорогомилово	Поклонная 	9	Поклонная	Поклонная 9
300	Пионер	developer	https://www.cian.ru/sale/flat/301514338/	Москва	sale	flat	3	25	1	38.65	17201278	Москворечье-Сабурово			Варшавская	Лайф Варшавская ЖК
301			https://www.cian.ru/sale/flat/301960480/	Москва	sale	flat	1	4	2	53.8	9400000	Фили-Давыдково	 Алексея Свиридова	1	Кунцевская	
302	КОРТРОС	developer	https://www.cian.ru/sale/flat/302789652/	Москва	sale	flat	14	49	1	40.1	17964800	Марьина роща			Марьина Роща	Тэйт ЖК
303	Dream Realty	real_estate_agent	https://www.cian.ru/sale/flat/302591225/	Москва	sale	flat	9	28	1	34.7	14800000	Богородское	Открытое шоссе	14Д	Бульвар Рокоссовского	Талисман на Рокоссовского
304	Sminex	developer	https://www.cian.ru/sale/flat/303649388/	Москва	sale	flat	22	23	1	298.3	448200000	Пресненский			Улица 1905 года	Лайф Тайм ЖК
305	PROНЕДВИЖИМОСТЬ	real_estate_agent	https://www.cian.ru/sale/flat/300032614/	Москва	sale	flat	2	9	2	46.0	10300000	Текстильщики	Грайвороновская 	18К3	Текстильщики	
306	Донстрой	developer	https://www.cian.ru/sale/flat/304095698/	Москва	sale	flat	2	16	1	54.7	42086180	Раменки	 Сергея Бондарчука	2	Мичуринский проспект	Река
307	Екатерина Боброва	realtor	https://www.cian.ru/sale/flat/303375655/	Москва	sale	flat	10	12	1	38.0	15950000	КРАСИВАЯ квартира в шикарном е1-комн. квартира	38 м²			
308	Level Group	developer	https://www.cian.ru/sale/flat/303453829/	Москва	sale	flat	2	37	2	37.4	16591724	Нижегородский		3	Нижегородская	Левел Нижегородская ЖК
309	Kalinka Group	real_estate_agent	https://www.cian.ru/sale/flat/295467334/	Москва	sale	flat	5	10	2	106.2	70000000	Хамовники	 Пречистенка	40/2С4	Парк Культуры	
310	MR Group	developer	https://www.cian.ru/sale/flat/303861522/	Москва	sale	flat	2	54	1	36.06	20713585	Хорошево-Мневники			Полежаевская	Джойс ЖК
311	SHOW ME	real_estate_agent	https://www.cian.ru/sale/flat/303527409/	Москва	sale	flat	3	18	1	30.6	10500000	Щукино	Большой Волоколамский проезд	23	Стрешнево	Комплекс апартаментов B’aires
312	Основа	developer	https://www.cian.ru/sale/flat/286347121/	Москва	sale	flat	2	29	1	45.7	14194420	Черемушки	 Наметкина	вл10	Новые Черёмушки	Nametkin Tower
313	Этажи Москва	real_estate_agent	https://www.cian.ru/sale/flat/301194318/	Москва	sale	flat	16	17	2	37.7	9290000			к10-11	Бунинская аллея	Эко Бунино ЖК
314	LEGENDA Intelligent Development	developer	https://www.cian.ru/sale/flat/302223488/	Москва	sale	flat	54	57	1	36.2	18060180	Левобережный	Ленинградское шоссе		Беломорская	Северный порт. Береговые кварталы
315	One Moscow	real_estate_agent	https://www.cian.ru/sale/flat/302398147/	Москва	sale	flat	15	25	1	39.0	17900000	Даниловский	1-я оч.	к13	Технопарк	Shagal
316	Центр-Инвест	developer	https://www.cian.ru/sale/flat/298329420/	Москва	sale	flat	2	9	1	49.2	50910200	Таганский	Серебрянический переулок	6	Китай-город	Титул на Серебрянической
317	Никита Гаврилов	realtor	https://www.cian.ru/sale/flat/303952576/	Москва	sale	flat	4	17	2	55.0	21750000	Раменки	 Раменки	12	Раменки	
318	Аеон-Девелопмент	developer	https://www.cian.ru/sale/flat/302037458/	Москва	sale	flat	2	46	2	63.8	43657111	Дорогомилово	Кутузовский проезд	16А/1	Фили	River Park Кутузовский
319	OPN PARTNER	real_estate_agent	https://www.cian.ru/sale/flat/303116228/	Москва	sale	flat	5	22	1	41.0	11200000	Бирюлево Восточное	6-я Радиальная 	7/1к2	Царицыно	Царицыно-2
320	Основа	developer	https://www.cian.ru/sale/flat/293623772/	Москва	sale	flat	6	28	1	43.5	17182500	Хорошево-Мневники			Полежаевская	Эмоушен ЖК
321	Наталья Ронжина	realtor	https://www.cian.ru/sale/flat/301614406/	Москва	sale	flat	2	8	2	42.3	18800000	Аэропорт	Ленинградский проспект	78К2	Сокол	
322	Sminex	developer	https://www.cian.ru/sale/flat/294328835/	Москва	sale	flat	3	6	1	78.7	164750000	Басманный	Потаповский переулок	5С4	Чистые пруды	Чистые Пруды
323	ID 515728	unknown	https://www.cian.ru/sale/flat/304001773/	Москва	sale	flat	5	9	2	35.0	13850000	Коптево	4-й Новомихалковский проезд	6	Лихоборы	
324	Tekta Group	developer	https://www.cian.ru/sale/flat/303506233/	Москва	sale	flat	8	28	1	39.7	17789570	Нагорный		1	Нагорная	Твелв ЖК
325	Князев и Партнёры	real_estate_agent	https://www.cian.ru/sale/flat/303936001/	Москва	sale	flat	17	24	1	29.1	8500000	Митино	Митинская 	16	Митино	Апарт-отель YE’S
326	Пионер	developer	https://www.cian.ru/sale/flat/301460115/	Москва	sale	flat	6	26	1	24.4	19216171	Даниловский			Павелецкая	Хай Лайф ЖК
327	CROCUS ESTATE	real_estate_agent	https://www.cian.ru/sale/flat/303790976/	Москва	sale	flat	13	32	2	77.0	36000000	Пресненский	Шмитовский проезд	39к2	Шелепиха	Headliner
328	Донстрой	developer	https://www.cian.ru/sale/flat/304095278/	Москва	sale	flat	3	18	2	56.1	29906910	Хорошево-Мневники	проезд Проектируемый № 1074		Терехово 	Остров
329	NIKA ESTATE	real_estate_agent	https://www.cian.ru/sale/flat/302397364/	Москва	sale	flat	9	11	2	83.3	37100000	Беговой	Ленинградский проспект	35С2	Петровский Парк	Квартал апартаментов Искра-Парк
330	Центр-Инвест	developer	https://www.cian.ru/sale/flat/298576242/	Москва	sale	flat	15	22	2	38.4	29255040	Красносельский	Большая Спасская 	35	Площадь трёх вокзалов	Dialog
331	Ирина Савельева	realtor	https://www.cian.ru/sale/flat/297485415/	Москва	sale	flat	10	17	2	38.0	10400000		 Бачуринская	13	Бачуринская	Новая Звезда
332	Upside Development	developer	https://www.cian.ru/sale/flat/303215964/	Москва	sale	flat	11	12	1	46.2	28644000	Даниловский	2-я Рощинская 	1	Тульская	Данилов дом
333	Алеся Лунина	realtor	https://www.cian.ru/sale/flat/301746592/	Москва	sale	flat	16	16	2	53.6	17500000	Тропарево-Никулино	 Академика Анохина	38К1	Юго-Западная	
334	Capital Group	developer	https://www.cian.ru/sale/flat/301482951/	Москва	sale	flat	12	18	1	48.3	58149819	Дорогомилово			Москва-Сити	Бадаевский ЖК
335	Whitewill	real_estate_agent	https://www.cian.ru/sale/flat/300655937/	Москва	sale	flat	15	29	2	72.0	40000000	Хорошево-Мневники	Шелепихинская набережная	40к3	Хорошёвская	Sydney City
336	MR Group	developer	https://www.cian.ru/sale/flat/282209329/	Москва	sale	flat	2	57	1	42.52	24463584	Филевский парк			Фили	Фили Сити ЖК
337	NF Group - ex-Knight Frank	real_estate_agent	https://www.cian.ru/sale/flat/303766765/	Москва	sale	flat	4	20	2	76.6	62046000	Пресненский	Дружинниковская 	15	Краснопресненская	SkyView
338	3SGroup	developer	https://www.cian.ru/sale/flat/299381088/	Москва	sale	flat	4	17	2	49.5	11498837				Корниловская	FOREVILLE
339	PANDA ESTATE	real_estate_agent	https://www.cian.ru/sale/flat/299250573/	Москва	sale	flat	4	22	2	55.0	42500000	Якиманка	Мытная 	40к1	Октябрьская	Sky House
340	Минские холмы	developer	https://www.cian.ru/sale/flat/298045259/	Москва	sale	flat	8	52	2	53.8	21824030	Раменки	проспект Генерала Дорохова	вл1к1	Раменки	Will Towers
341	Homeapp	real_estate_agent	https://www.cian.ru/sale/flat/302332660/	Москва	sale	flat	11	13	2	83.0	43900000	Раменки	Винницкая 	8к2	Раменки	Настоящее
342	MR Group	developer	https://www.cian.ru/sale/flat/303489487/	Москва	sale	flat	2	48	2	56.51	17932824	Сокол	шоссе Волоколамское (дублер)		Трикотажная	City Bay
343	Whitewill	real_estate_agent	https://www.cian.ru/sale/flat/298140403/	Москва	sale	flat	25	49	2	93.6	50000000	Проспект Вернадского	 Лобачевского		Проспект Вернадского	Событие
344	ДОНСТРОЙ	developer	https://www.cian.ru/sale/flat/304095088/	Москва	sale	flat	2	27	2	55.8	23486220	Лефортово	бульвар Сенкевича		Римская	Символ
345	Акрополь	real_estate_agent	https://www.cian.ru/sale/flat/300605973/	Москва	sale	flat	15	16	1	34.3	9500000		 Василия Ощепкова	2	Коммунарка	Москвичка
346	Optima Development	developer	https://www.cian.ru/sale/flat/301041605/	Москва	sale	flat	2	41	2	48.5	33762426	Хорошевский	Ленинградский проспект	37/2	Петровский Парк	Прайм Парк
347	ID 221886	realtor	https://www.cian.ru/sale/flat/303196246/	Москва	sale	flat	2	9	2	45.3	14600000	Северное Медведково	Студеный проезд	38к1	Медведково	
348	Level Group	developer	https://www.cian.ru/sale/flat/301797575/	Москва	sale	flat	2	48	1	32.5	19142110	Очаково-Матвеевское		к8	Аминьевская	Левел Мичуринский ЖК
349	Виктория Яковлева	realtor	https://www.cian.ru/sale/flat/303954401/	Москва	sale	flat	11	12	2	42.0	14999000	Бутырский	 Яблочкова	41	Фонвизинская	
350	Level Group	developer	https://www.cian.ru/sale/flat/303990061/	Москва	sale	flat	3	11	1	37.9	26171019	Басманный	Большая Почтовая 		Электрозаводская	Level Бауманская
351	Татьяна Серебрякова	realtor	https://www.cian.ru/sale/flat/267759029/	Москва	sale	flat	12	20	2	48.0	17199999	Обручевский	 Академика Волгина	8Ак1	Беляево	Светлый город
352	MR Group	developer	https://www.cian.ru/sale/flat/303227151/	Москва	sale	flat	14	30	1	37.6	18068648	Южнопортовый	Волгоградский проспект	32/5к2	Дубровка	Метрополия
353	Intermark Real Estate	real_estate_agent	https://www.cian.ru/sale/flat/302818966/	Москва	sale	flat	4	4	2	75.7	39900000	Марьина роща	проезд 12-й Марьиной рощи	8С2	Марьина Роща	Лофт-квартал Studio #12
354	AFI Development	developer	https://www.cian.ru/sale/flat/294550185/	Москва	sale	flat	15	25	2	47.6	25605040	Обручевский	 Академика Челомея	1А	Воронцовская	AFI Park Воронцовский
355	Intermark Real Estate	real_estate_agent	https://www.cian.ru/sale/flat/303762197/	Москва	sale	flat	8	19	2	60.0	33000000	"Стильный ""лофт"" в е Беговой2-комн. апартаменты"	60 м²			
356	Level Group	developer	https://www.cian.ru/sale/flat/302126126/	Москва	sale	flat	23	26	1	33.5	22383347	Нагатино-Садовники	Нагатинская набережная	10А	Нагатинская	Level Нагатинская
357	NovaEstate	real_estate_agent	https://www.cian.ru/sale/flat/302904537/	Москва	sale	flat	14	16	1	34.8	11700000	Отрадное	 Бестужевых	17	Отрадное	
358	А101	developer	https://www.cian.ru/sale/flat/300576607/	Москва	sale	flat	11	15	2	35.9	9161895				Филатов Луг	Деснаречье ЖК
359	Intermark Real Estate	real_estate_agent	https://www.cian.ru/sale/flat/300148680/	Москва	sale	flat	7	27	2	67.9	28600000	Лефортово			Серп и Молот	Символ ЖК
360	КОРТРОС	developer	https://www.cian.ru/sale/flat/298603750/	Москва	sale	flat	21	26	2	45.3	21517500	Останкинский			ВДНХ	АйЛав ЖК
361	ФСК Агент	real_estate_agent	https://www.cian.ru/sale/flat/303583248/	Москва	sale	flat	22	45	2	77.1	32300000	Хорошево-Мневники	 Шеногина	2	Шелепиха	
362	Трансстройинвест	developer	https://www.cian.ru/sale/flat/303921201/	Москва	sale	flat	14	22	1	48.6	25876852	Останкинский	проезд Ольминского	4	ВДНХ	Сенатор
363	ID 413522	realtor	https://www.cian.ru/sale/flat/303087584/	Москва	sale	flat	7	12	2	78.0	104590000	Хамовники	 Ефремова	10	Фрунзенская	Садовые кварталы
364	Колди	developer	https://www.cian.ru/sale/flat/302241722/	Москва	sale	flat	17	21	1	30.09	8649740	Нижегородский			Калитники	Н'айс Лофт ЖК
365	Intermark Real Estate	real_estate_agent	https://www.cian.ru/sale/flat/299639948/	Москва	sale	flat	30	75	2	71.8	66000000	Пресненский	1-й Красногвардейский проезд	22с2	Москва-Сити	NEVA TOWERS
366	ASTERUS	representative_developer	https://www.cian.ru/sale/flat/303294788/	Москва	sale	flat	14	25	1	37.7	20535964	Покровское-Стрешнево			Тушинская	Алиа ЖК
367	ALVO Group	real_estate_agent	https://www.cian.ru/sale/flat/300346168/	Москва	sale	flat	12	25	2	80.0	40000000	Раменки	Мичуринский проспект	26	Раменки	
368	TOUCH	developer	https://www.cian.ru/sale/flat/302838439/	Москва	sale	flat	2	13	1	40.02	22691340	Южнопортовый		к3	Дубровка	Шампайн ЖК
369	MERSI	real_estate_agent	https://www.cian.ru/sale/flat/303071453/	Москва	sale	flat	10	23	1	35.4	10900000	Южнопортовый	Волгоградский проспект	30С1	Волгоградский проспект	HighWay
370	Аквилон	developer	https://www.cian.ru/sale/flat/304053417/	Москва	sale	flat	2	23	2	35.5	10513645	Отрадное	Сигнальный проезд	12	Владыкино	Akvilon Signal
371	Century 21 Premium Property	real_estate_agent	https://www.cian.ru/sale/flat/302757745/	Москва	sale	flat	12	29	2	56.2	30900000	Хорошево-Мневники	Шелепихинская набережная	40к3	Хорошёвская	Sydney City
372	MR Group	developer	https://www.cian.ru/sale/flat/303135248/	Москва	sale	flat	3	48	1	32.0	13670368	Покровское-Стрешнево	Вишневая 	7С128	Тушинская	Мультиквартал CITYZEN
373	ЦРУ	real_estate_agent	https://www.cian.ru/sale/flat/304044237/	Москва	sale	flat	9	9	1	30.3	12000000	Восточное Измайлово	Измайловский бульвар	67К1	Первомайская	
374	Forma	developer	https://www.cian.ru/sale/flat/303666807/	Москва	sale	flat	7	25	2	69.3	29650420	Печатники	Южнопортовая 		Печатники	Portland
375	luxе real estate	real_estate_agent	https://www.cian.ru/sale/flat/301721760/	Москва	sale	flat	4	13	2	66.0	24400000	Академический	Новочеремушкинская 	27	Академическая	Новочерёмушкинская, 27
376	VOS HOD	developer	https://www.cian.ru/sale/flat/300560437/	Москва	sale	flat	8	17	1	69.3	38918880	Филевский парк	 Василисы Кожиной	вл25/1	Филёвский парк	AHEAD
377	ALVO Group	real_estate_agent	https://www.cian.ru/sale/flat/292414471/	Москва	sale	flat	3	20	2	64.0	38000000	Беговой	Бумажный проезд	4	Белорусская	Клубный дом SOHO+NOHO
378	РГ-Девелопмент	developer	https://www.cian.ru/sale/flat/302013644/	Москва	sale	flat	3	9	2	54.3	12885390	Чертаново Южное		1.1	Аннино	Варшавские Ворота ЖК
379	Whitewill	real_estate_agent	https://www.cian.ru/sale/flat/303459806/	Москва	sale	flat	9	15	2	62.9	35500000	Раменки	Винницкая 	8к3	Раменки	Настоящее
380	Концерн КРОСТ	developer	https://www.cian.ru/sale/flat/298496731/	Москва	sale	flat	14	19	1	29.0	18009000	Щукино	 Ротмистрова	2	Октябрьское поле	Театральный квартал
381	VIСTORY GROUP	real_estate_agent	https://www.cian.ru/sale/flat/302730830/	Москва	sale	flat	14	32	2	64.0	47990000	Дорогомилово	Поклонная 	9	Поклонная	Поклонная 9
382	Центр-Инвест	representative_developer	https://www.cian.ru/sale/flat/298334392/	Москва	sale	flat	6	15	1	40.5	24502499	Раменки	Винницкая 	8к3	Раменки	Настоящее
383	Whitewill	real_estate_agent	https://www.cian.ru/sale/flat/303199166/	Москва	sale	flat	7	79	2	62.1	49680000	Пресненский	1-й Красногвардейский проезд	22с2	Москва-Сити	NEVA TOWERS
384	ДОНСТРОЙ	developer	https://www.cian.ru/sale/flat/304095973/	Москва	sale	flat	13	50	1	39.7	22501960	Раменки	м. Мичуринский проспект		Мичуринский проспект	Событие
385	Intermark Real Estate	real_estate_agent	https://www.cian.ru/sale/flat/300553173/	Москва	sale	flat	2	14	2	69.9	35000000	Мещанский	 Гиляровского	4К1	Сухаревская	
386	MR Group	developer	https://www.cian.ru/sale/flat/303786405/	Москва	sale	flat	12	39	1	33.69	14852731	Западное Дегунино	Северный ао		Селигерская	Селигер Сити ЖК
387	SKYEST	real_estate_agent	https://www.cian.ru/sale/flat/302885559/	Москва	sale	flat	5	41	2	68.0	51390000	Хорошевский	Ленинградский проспект	37/4	ЦСКА	Прайм Парк
388	А101	developer	https://www.cian.ru/sale/flat/289129173/	Москва	sale	flat	12	15	2	40.1	10795122			к10.1.2	Филатов Луг	Прокшино ЖК
389	MERSI	real_estate_agent	https://www.cian.ru/sale/flat/303520855/	Москва	sale	flat	1	6	2	54.0	47000000	Пресненский	Большой Козихинский переулок	17С1	Пушкинская	
390	Hutton Development	developer	https://www.cian.ru/sale/flat/303631394/	Москва	sale	flat	5	17	1	50.3	35000000	Гагаринский	Ленинский проспект	38	Ленинский проспект	Lunar
391	Whitewill	real_estate_agent	https://www.cian.ru/sale/flat/302363306/	Москва	sale	flat	7	8	2	51.0	75200000	Якиманка	Софийская набережная	34С5	Новокузнецкая	Софийский
392	РГ-Девелопмент	developer	https://www.cian.ru/sale/flat/302679191/	Москва	sale	flat	11	25	1	38.9	17505000	Щукино	 Берзарина	32	Щукинская	Октябрьское поле
393	One Moscow	real_estate_agent	https://www.cian.ru/sale/flat/303016403/	Москва	sale	flat	12	28	1	45.2	20950000	Даниловский	Автозаводская 		Автозаводская	Shagal
394	Level Group	developer	https://www.cian.ru/sale/flat/301557214/	Москва	sale	flat	2	32	1	32.4	27091100	Хорошево-Мневники	Причальный проезд	10А	Шелепиха	Level Причальный
395	BERI	real_estate_agent	https://www.cian.ru/sale/flat/303804363/	Москва	sale	flat	9	9	2	56.3	18490000	Филевский парк	Новозаводская 	2к8А	Фили	
396	РКС Девелопмент	developer	https://www.cian.ru/sale/flat/301447803/	Москва	sale	flat	2	16	2	55.54	21287149	Даниловский	Автозаводская 	24К1	Тульская	Дом на набережной INSIDER
397	Лофт Инвест	real_estate_agent	https://www.cian.ru/sale/flat/303620086/	Москва	sale	flat	16	16	1	19.5	6290000	Отрадное	Алтуфьевское шоссе	2	Владыкино	
398	РГ-Девелопмент	developer	https://www.cian.ru/sale/flat/301301828/	Москва	sale	flat	3	26	1	37.6	14073680	Соколиная гора			Соколиная гора	Семеновский Парк 2 ЖК
399	Century 21 Level	real_estate_agent	https://www.cian.ru/sale/flat/303116161/	Москва	sale	flat	7	9	2	43.0	11950000		проспект Магеллана	2	Прокшино	Испанские кварталы
400	РГ-Девелопмент	developer	https://www.cian.ru/sale/flat/296774064/	Москва	sale	flat	2	24	1	43.9	20014010	Савеловский	Старый Петровско-Разумовский проезд	1/23С5	Гражданская	Петровский парк II
401	Арт Риэлти	real_estate_agent	https://www.cian.ru/sale/flat/301156873/	Москва	sale	flat	2	7	2	75.0	37800000	Мещанский	 Гиляровского	55	Проспект Мира	Дом на Гиляровского
402	Level Group	developer	https://www.cian.ru/sale/flat/301557027/	Москва	sale	flat	14	31	1	33.9	16524617	Западное Дегунино	Северный ао	к3	Верхние Лихоборы	Левел Селигерская ЖК
403	MERSI	real_estate_agent	https://www.cian.ru/sale/flat/302961604/	Москва	sale	flat	1	16	1	43.9	13800000	Ховрино	 Лавочкина	42	Речной вокзал	
404	Основа	developer	https://www.cian.ru/sale/flat/297547441/	Москва	sale	flat	26	31	1	43.23	21096240	Марфино		к1	Улица Милашенкова	Вери ЖК
405	RND	real_estate_agent	https://www.cian.ru/sale/flat/302489254/	Москва	sale	flat	8	16	1	37.0	22700000	Даниловский	 Архитектора Щусева	5к1	ЗИЛ	ЗИЛАРТ
406	Level Group	developer	https://www.cian.ru/sale/flat/303504885/	Москва	sale	flat	5	48	1	30.0	18466133	Хорошево-Мневники			Народное Ополчение	Левел Звенигородская ЖК
407	PROНЕДВИЖИМОСТЬ	real_estate_agent	https://www.cian.ru/sale/flat/303203965/	Москва	sale	flat	2	25	1	41.3	12200000	Орехово-Борисово Южное	Ясеневая 	12к2	Домодедовская	Ясеневая 14
408	Level Group	developer	https://www.cian.ru/sale/flat/301565204/	Москва	sale	flat	10	13	1	28.7	11242293	Печатники		14	Кожуховская	Левел Южнопортовая ЖК
409	BARNES International Realty	real_estate_agent	https://www.cian.ru/sale/flat/289779311/	Москва	sale	flat	3	25	2	43.2	18500000	Филевский парк	Береговой проезд	5к2	Фили	Фили Град
410	Группа Родина	developer	https://www.cian.ru/sale/flat/293200734/	Москва	sale	flat	3	13	1	37.3	11278100		 1-я Ватутинская	14к1	Ольховая	Russian Design District
411	ID 74595537	unknown	https://www.cian.ru/sale/flat/303959730/	Москва	sale	flat	12	53	2	43.4	27700000	Пресненский	Шмитовский проезд	39к8	Москва-Сити	Headliner
412	St Michael	developer	https://www.cian.ru/sale/flat/303024826/	Москва	sale	flat	16	21	1	37.68	17665200	Хорошевский	9Ак6	9Ак6	Зорге	Зорге 9 ЖК
413	PANDA ESTATE	real_estate_agent	https://www.cian.ru/sale/flat/303149151/	Москва	sale	flat	9	10	2	85.0	80000000	Хамовники	Ружейный переулок	3	Смоленская	Смоленская Застава
414	Forma	developer	https://www.cian.ru/sale/flat/300160043/	Москва	sale	flat	1	20	1	59.34	28625616	Даниловский	Автозаводская 	26	Тульская	FORST
415	CENTURY 21 Столичная недвижимость	real_estate_agent	https://www.cian.ru/sale/flat/303301977/	Москва	sale	flat	14	27	2	83.0	26800000	Даниловский	1-я оч.	11к2	ЗИЛ	Shagal
416	Мангазея	developer	https://www.cian.ru/sale/flat/304059316/	Москва	sale	flat	10	41	1	41.3	19530770	Даниловский	Большая Тульская 	10С5	Тульская	Мангазея на Тульской
417	PANDA ESTATE	real_estate_agent	https://www.cian.ru/sale/flat/299568402/	Москва	sale	flat	4	23	2	70.0	45000000	Хорошевский	9Ак1	9Ак1	Зорге	Зорге 9 ЖК
418	ID 111759195	developer	https://www.cian.ru/sale/flat/296871845/	Москва	sale	flat	2	14	1	31.0	11312892	Рязанский	Рязанский проспект		Окская	balance
419	NIKA ESTATE	real_estate_agent	https://www.cian.ru/sale/flat/300099173/	Москва	sale	flat	3	15	1	37.5	30000000	Аэропорт	Ленинградский проспект	36с39	Динамо	ВТБ Арена парк
420	Александр Чалый	realtor	https://www.cian.ru/sale/flat/297988982/	Москва	sale	flat	12	29	2	50.0	25600000	Ховрино	Флотская 	7с1	Речной вокзал	
421	А101	developer	https://www.cian.ru/sale/flat/288821954/	Москва	sale	flat	3	16	2	54.2	26000289	Сокол	 Зорге	25С2	Октябрьское поле	Дом на Зорге
422	Estes	real_estate_agent	https://www.cian.ru/sale/flat/300373373/	Москва	sale	flat	9	23	2	68.4	32500000	Хорошево-Мневники	Жилой комплекс остров	2-й кв-л	Терехово 	Остров
423	ALVO Group	real_estate_agent	https://www.cian.ru/sale/flat/302615259/	Москва	sale	flat	7	9	2	65.0	41900000	Басманный	 Земляной Вал	21/2С1	Курская	
424	City View	real_estate_agent	https://www.cian.ru/sale/flat/303780972/	Москва	sale	flat	39	44	2	69.4	49000000	Пресненский	Ходынская 	2	Улица 1905 года	Пресня Сити
425	Soul Estate	real_estate_agent	https://www.cian.ru/sale/flat/302342877/	Москва	sale	flat	6	6	2	143.0	154346399	Якиманка	 Большая Полянка	61С2	Добрынинская	
426	Soul Estate	real_estate_agent	https://www.cian.ru/sale/flat/303252400/	Москва	sale	flat	6	10	2	96.0	260000000	Хамовники	 Льва Толстого	23к1	Парк Культуры	Литератор
427	Лофт Инвест	real_estate_agent	https://www.cian.ru/sale/flat/302900739/	Москва	sale	flat	3	16	1	29.6	7400000	Дмитровский	Дмитровское шоссе	107Б	Яхромская	
428	Dream Realty	real_estate_agent	https://www.cian.ru/sale/flat/303226697/	Москва	sale	flat	7	12	1	39.4	7900000		проспект Куприна	32к1	Бунинская аллея	Эко Бунино
429	А101	developer	https://www.cian.ru/sale/flat/301534151/	Москва	sale	flat	9	10	2	43.2	8796787			3.3	Толстопальцево	Родные кварталы ЖК
430	ЦеНтр ПИК	real_estate_agent	https://www.cian.ru/sale/flat/294469100/	Москва	sale	flat	9	9	2	44.0	12300000	Нижегородский	Нижегородская 	49А	Нижегородская	
431	ID 95996886	realtor	https://www.cian.ru/sale/flat/302896262/	Москва	sale	flat	8	9	2	37.0	13500000	Текстильщики	Волжский бульвар	12К1	Текстильщики	
432	ID 45097821	realtor	https://www.cian.ru/sale/flat/301645204/	Москва	sale	flat	2	23	2	38.0	13500000	Хорошевский	 Зорге	9	Полежаевская	Зорге 9
433	Виталий Флокосу	realtor	https://www.cian.ru/sale/flat/303001192/	Москва	sale	flat	2	22	1	48.0	14499000	Солнцево	Боровское шоссе	2Ак3	Говорово	Мещерский лес
434	Евгения Климова	realtor	https://www.cian.ru/sale/flat/302900735/	Москва	sale	flat	2	17	1	37.0	14500000	Хорошевский	9Ак7	9Ак7	Полежаевская	Зорге 9 ЖК
435	Татьяна Серебрякова	realtor	https://www.cian.ru/sale/flat/302283450/	Москва	sale	flat	5	14	2	52.0	15999999	Марьино	Братиславская 	6К1	Братиславская	
436	Павел Пряжников	realtor	https://www.cian.ru/sale/flat/303823301/	Москва	sale	flat	9	16	1	38.0	16400000	Кунцево	Полоцкая 	25к1	Молодёжная	
437	LEGENDA Intelligent Development	developer	https://www.cian.ru/sale/flat/302124517/	Москва	sale	flat	3	34	1	47.8	19320760	Левобережный	Ленинградское шоссе		Беломорская	Северный порт. Береговые кварталы
438	Юлия Похлёбина	realtor	https://www.cian.ru/sale/flat/303496415/	Москва	sale	flat	9	25	2	61.5	19990000		 Анны Ахматовой	8	Рассказовка	Переделкино Ближнее Город-парк
439	Самолет Плюс Москва	real_estate_agent	https://www.cian.ru/sale/flat/302793185/	Москва	sale	flat	3	10	2	63.0	26000000	Можайский	Барвихинская 	6	Сетунь	Дом на Барвихинской
440	Пионер	developer	https://www.cian.ru/sale/flat/301460277/	Москва	sale	flat	16	39	1	37.2	27747294	Даниловский			Павелецкая	Хай Лайф ЖК
441	ЦеНтр ПИК	real_estate_agent	https://www.cian.ru/sale/flat/303155483/	Москва	sale	flat	3	7	2	80.0	29290000	Басманный	Нижняя Красносельская 	35С2	Бауманская	Kleinhouse
442	Estes	real_estate_agent	https://www.cian.ru/sale/flat/302214446/	Москва	sale	flat	28	45	2	77.1	37400000	Хорошево-Мневники			Шелепиха	Сидней Сити ЖК
443	Intermark Real Estate	real_estate_agent	https://www.cian.ru/sale/flat/293510493/	Москва	sale	flat	8	22	2	87.2	38000000	Раменки	 Пырьева	9К1	Поклонная	
444	ЦеНтр ПИК	real_estate_agent	https://www.cian.ru/sale/flat/302363686/	Москва	sale	flat	6	14	2	78.0	37990000	Беговой	Скаковая 	5	Белорусская	
445	Upside Development	developer	https://www.cian.ru/sale/flat/303215976/	Москва	sale	flat	12	12	1	58.7	38155000	Даниловский	2-я Рощинская 	1	Тульская	Данилов дом
446	Vesco Realty	real_estate_agent	https://www.cian.ru/sale/flat/300660827/	Москва	sale	flat	28	29	2	53.6	42800000	Якиманка	Мытная 	40к4	Октябрьская	Sky House
447	Apple Real Estate	real_estate_agent	https://www.cian.ru/sale/flat/296403571/	Москва	sale	flat	4	8	2	65.0	44900000	Тверской	Благовещенский переулок	5	Маяковская	
448	Intermark Real Estate	real_estate_agent	https://www.cian.ru/sale/flat/300812063/	Москва	sale	flat	2	3	2	77.0	50000000	Хамовники	Саввинская набережная	5	Киевская	
449	Intermark Real Estate	real_estate_agent	https://www.cian.ru/sale/flat/302543412/	Москва	sale	flat	8	9	2	71.3	60000000	Тверской	1-я Тверская-Ямская 	7	Маяковская	
450	Intermark Real Estate	real_estate_agent	https://www.cian.ru/sale/flat/292154263/	Москва	sale	flat	4	20	2	76.6	62046000	Пресненский	Дружинниковская 	15	Краснопресненская	SkyView
451	Point Estate Город	real_estate_agent	https://www.cian.ru/sale/flat/299008779/	Москва	sale	flat	12	28	2	121.68	63400000	Кунцево	 Академика Павлова	28	Молодёжная	Академика Павлова
452	Vesco Realty	real_estate_agent	https://www.cian.ru/sale/flat/295368581/	Москва	sale	flat	3	9	2	135.4	145000000	Якиманка	 Малая Полянка	2	Полянка	Онегин
453	Intermark Real Estate	real_estate_agent	https://www.cian.ru/sale/flat/290697585/	Москва	sale	flat	3	9	2	148.5	230000000	Тверской	1-я Тверская-Ямская 	2	Маяковская	Vesper Tverskaya
454	CENTURY 21 Столичная недвижимость	real_estate_agent	https://www.cian.ru/sale/flat/303176840/	Москва	sale	flat	7	12	1	43.0	5800000		 Гореловская	3	Силикатная	
455	ID 96167522	realtor	https://www.cian.ru/sale/flat/301361857/	Москва	sale	flat	5	9	1	29.5	6688500	Люблино	 Верхние Поля	27С2	Братиславская	
456	ID 96167522	realtor	https://www.cian.ru/sale/flat/296746930/	Москва	sale	flat	1	9	1	34.9	6854250	Люблино	 Верхние Поля	27С2	Братиславская	
457	ХОРЕКА ИНВЕСТ	real_estate_agent	https://www.cian.ru/sale/flat/292414373/	Москва	sale	flat	16	22	1	15.1	7450000	Тропарево-Никулино	Ленинский проспект	158	Тропарёво	
458	ХОРЕКА ИНВЕСТ	real_estate_agent	https://www.cian.ru/sale/flat/301906475/	Москва	sale	flat	16	22	1	17.3	7700000	Тропарево-Никулино	Ленинский проспект	158	Тропарёво	
459	ХОРЕКА ИНВЕСТ	real_estate_agent	https://www.cian.ru/sale/flat/294623881/	Москва	sale	flat	15	22	1	19.9	8060000	Тропарево-Никулино	Ленинский проспект	158	Тропарёво	
460	ID 107814632	homeowner	https://www.cian.ru/sale/flat/304088261/	Москва	sale	flat	2	2	2	24.4	8170000	Текстильщики	1-й Грайвороновский проезд	1	Текстильщики	Грани
461	ХОРЕКА ИНВЕСТ	real_estate_agent	https://www.cian.ru/sale/flat/295014010/	Москва	sale	flat	6	22	1	17.3	8590000	Тропарево-Никулино	Ленинский проспект	158	Тропарёво	
462	Msk Estate	real_estate_agent	https://www.cian.ru/sale/flat/300858701/	Москва	sale	flat	6	22	1	17.3	8590000	Тропарево-Никулино	Ленинский проспект	158	Юго-Западная	
463	ХОРЕКА ИНВЕСТ	real_estate_agent	https://www.cian.ru/sale/flat/296124514/	Москва	sale	flat	22	22	1	17.2	8780000	Тропарево-Никулино	Ленинский проспект	158	Тропарёво	
464	ХОРЕКА ИНВЕСТ	real_estate_agent	https://www.cian.ru/sale/flat/292542632/	Москва	sale	flat	22	22	1	19.4	8880000	Тропарево-Никулино	Ленинский проспект	158	Тропарёво	
465	Msk Estate	real_estate_agent	https://www.cian.ru/sale/flat/300822403/	Москва	sale	flat	22	22	1	19.4	8880000	Тропарево-Никулино	Ленинский проспект	158	Юго-Западная	
466	Msk Estate	real_estate_agent	https://www.cian.ru/sale/flat/301476484/	Москва	sale	flat	13	22	1	17.6	8900000	Тропарево-Никулино	Ленинский проспект	158	Юго-Западная	
467	ХОРЕКА ИНВЕСТ	real_estate_agent	https://www.cian.ru/sale/flat/294621795/	Москва	sale	flat	13	22	1	19.9	9070000	Тропарево-Никулино	Ленинский проспект	158	Тропарёво	
468	Msk Estate	real_estate_agent	https://www.cian.ru/sale/flat/303666748/	Москва	sale	flat	16	22	1	19.2	9000000	Тропарево-Никулино	Ленинский проспект	158	Юго-Западная	
469	ID 96167522	realtor	https://www.cian.ru/sale/flat/298882717/	Москва	sale	flat	9	9	1	36.5	9215000	Люблино	 Верхние Поля	27С2	Братиславская	
470	SITRealty	real_estate_agent	https://www.cian.ru/sale/flat/303560811/	Москва	sale	flat	4	7	1	40.0	9650000		 Медовая Долина	2	Санино	Баркли Медовая долина
471	BERI	real_estate_agent	https://www.cian.ru/sale/flat/303866591/	Москва	sale	flat	4	5	2	42.8	11500000	Новогиреево	Мартеновская 	16/36	Новогиреево	
472	BERI	real_estate_agent	https://www.cian.ru/sale/flat/300568239/	Москва	sale	flat	3	5	2	46.7	12390000	Новогиреево	Мартеновская 	20	Новогиреево	
473	BERI	real_estate_agent	https://www.cian.ru/sale/flat/303817562/	Москва	sale	flat	3	9	2	47.0	12490000	Орехово-Борисово Южное	Домодедовская 	33	Домодедовская	
474	BERI	real_estate_agent	https://www.cian.ru/sale/flat/303274502/	Москва	sale	flat	3	9	1	32.1	12690000	Южнопортовый	5-я Кожуховская 	22К2	Кожуховская	
475	Business Leader	real_estate_agent	https://www.cian.ru/sale/flat/301821529/	Москва	sale	flat	14	14	1	38.9	12800000	Южнопортовый	Шарикоподшипниковская 	16	Дубровка	
476	BERI	real_estate_agent	https://www.cian.ru/sale/flat/303810531/	Москва	sale	flat	5	8	2	44.7	14190000	Донской	Варшавское шоссе	18К3	Верхние котлы	
477	Rooms and Rent Group	real_estate_agent	https://www.cian.ru/sale/flat/303921166/	Москва	sale	flat	16	20	1	41.9	14600000	Чертаново Южное	Варшавское шоссе	160к2	Аннино	Аннинский
478	PROНЕДВИЖИМОСТЬ	real_estate_agent	https://www.cian.ru/sale/flat/303870914/	Москва	sale	flat	9	17	2	51.1	14800000	Марьино	Новомарьинская 	36К1	Братиславская	
479	BERI	real_estate_agent	https://www.cian.ru/sale/flat/301597650/	Москва	sale	flat	5	9	2	44.8	15190000	Очаково-Матвеевское	Очаковское шоссе	11К1	Аминьевская	
480	Century 21 Level	real_estate_agent	https://www.cian.ru/sale/flat/303807545/	Москва	sale	flat	14	17	2	64.0	15990000		 Бориса Пастернака	49	Мичуринец	
481	Князев и Партнёры	real_estate_agent	https://www.cian.ru/sale/flat/301506427/	Москва	sale	flat	1	12	2	38.2	17200000	Тверской	 Бутырский Вал	34	Белорусская	
482	One Moscow	real_estate_agent	https://www.cian.ru/sale/flat/303787673/	Москва	sale	flat	3	16	2	57.0	17500000		проспект Прокшинский	10	Прокшино	Прокшино
483	ID 21251358	realtor	https://www.cian.ru/sale/flat/303646912/	Москва	sale	flat	6	43	1	28.0	17490000	Раменки	 Василия Ланового	1к1	Аминьевская	Огни
484	One Moscow	real_estate_agent	https://www.cian.ru/sale/flat/302728199/	Москва	sale	flat	5	17	2	55.9	18000000	Отрадное	Нововладыкинский проезд	1к3	Окружная	Поколение
485	Андрей Иванов	realtor	https://www.cian.ru/sale/flat/299174112/	Москва	sale	flat	22	33	1	34.4	19000000	Хорошево-Мневники	Причальный проезд	10Б	Шелепиха	Level Причальный
486	MR Group	developer	https://www.cian.ru/sale/flat/303227074/	Москва	sale	flat	17	30	1	41.5	19199932	Южнопортовый	Волгоградский проспект	32/3к4	Волгоградский проспект	Метрополия
487	BERI	real_estate_agent	https://www.cian.ru/sale/flat/301596332/	Москва	sale	flat	4	5	2	53.9	20290000	Ломоносовский	 Строителей	5К4	Университет	
488	BERI	real_estate_agent	https://www.cian.ru/sale/flat/303814205/	Москва	sale	flat	2	9	1	34.1	20490000	Красносельский	переулок Даев	12/16	Сухаревская	
489	Intermark Real Estate	real_estate_agent	https://www.cian.ru/sale/flat/300140948/	Москва	sale	flat	11	20	1	44.0	22490000	Левобережный	Ленинградское шоссе	69	Беломорская	Aquatoria
490	BARNES International Realty	real_estate_agent	https://www.cian.ru/sale/flat/296736911/	Москва	sale	flat	4	21	1	45.15	22500000	Алексеевский	Новоалексеевская 	16к2	Алексеевская	Серебряный фонтан
491	ID 104795526	real_estate_agent	https://www.cian.ru/sale/flat/297486676/	Москва	sale	flat	2	9	1	41.4	22900000	Хамовники	Комсомольский проспект	23/7	Фрунзенская	
492	Арт Риэлти	real_estate_agent	https://www.cian.ru/sale/flat/303933867/	Москва	sale	flat	8	46	2	43.5	23500000	Хорошево-Мневники	Шелепихинская набережная	34к6	Шелепиха	Сердце Столицы
493	CENTURY 21 Столичная недвижимость	real_estate_agent	https://www.cian.ru/sale/flat/303100522/	Москва	sale	flat	9	17	2	75.0	24500000	Даниловский	1-я оч.	11к2	ЗИЛ	Shagal
494	MR Group	developer	https://www.cian.ru/sale/flat/276155299/	Москва	sale	flat	3	57	1	42.77	24617001	Филевский парк			Фили	Фили Сити ЖК
495	Kalinka Group	real_estate_agent	https://www.cian.ru/sale/flat/293718260/	Москва	sale	flat	5	6	1	43.0	27500000	Беговой	 3-я Ямского Поля	9	Белорусская	Art Residence
496	Delight Realty	real_estate_agent	https://www.cian.ru/sale/flat/295316100/	Москва	sale	flat	22	42	2	61.6	27990000	Филевский парк	Багратионовский проезд	5Ак1	Фили	Filicity
497	Alliance Agency Real Estate	real_estate_agent	https://www.cian.ru/sale/flat/300386935/	Москва	sale	flat	10	33	2	44.3	28500000	Хорошево-Мневники	Причальный проезд	10А	Шелепиха	Level Причальный
498	One Moscow	real_estate_agent	https://www.cian.ru/sale/flat/303788194/	Москва	sale	flat	14	29	2	50.1	29600000	Хорошево-Мневники	Шелепихинская набережная	40к3	Хорошёвская	Sydney City
499	One Moscow	real_estate_agent	https://www.cian.ru/sale/flat/303196371/	Москва	sale	flat	14	28	2	67.0	30000000	Можайский	переулок 2-й Петра Алексеева	5	Рабочий посёлок	КутузовGRAD II
500	Whitewill	real_estate_agent	https://www.cian.ru/sale/flat/288460035/	Москва	sale	flat	9	21	2	50.3	33400000	Басманный	 Земляной Вал	37к1	Чкаловская	Дом Chkalov
501	Century 21 Premium Property	real_estate_agent	https://www.cian.ru/sale/flat/303401196/	Москва	sale	flat	26	43	2	62.8	35200000	Хорошево-Мневники	Шелепихинская набережная	40к1	Шелепиха	Sydney City
502	Whitewill	real_estate_agent	https://www.cian.ru/sale/flat/303875575/	Москва	sale	flat	21	36	2	56.1	35500000	Хорошево-Мневники	Шелепихинская набережная	42к2	Полежаевская	FreeDOM
503	ID 74438895	realtor	https://www.cian.ru/sale/flat/302406289/	Москва	sale	flat	11	16	2	63.0	35900000	Сокольники	 Матросская Тишина	12	Сокольники	Ренессанс
504	Alliance Agency Real Estate	real_estate_agent	https://www.cian.ru/sale/flat/302295108/	Москва	sale	flat	10	46	2	58.5	39900000	Даниловский	Дубининская 	59А	Павелецкая	Павелецкая Сити
505	Intermark Real Estate	real_estate_agent	https://www.cian.ru/sale/flat/296565916/	Москва	sale	flat	4	8	2	65.0	44900000	Тверской	Благовещенский переулок	5	Маяковская	
506	Intermark Real Estate	real_estate_agent	https://www.cian.ru/sale/flat/277370296/	Москва	sale	flat	2	7	2	60.4	47133384	Пресненский	Никитский бульвар	12	Арбатская	
507	Point Estate Город	real_estate_agent	https://www.cian.ru/sale/flat/299008778/	Москва	sale	flat	4	28	2	70.0	48000000	Кунцево	 Академика Павлова	28	Молодёжная	Академика Павлова
508	Intermark Real Estate	real_estate_agent	https://www.cian.ru/sale/flat/296060032/	Москва	sale	flat	5	8	2	52.7	49000000	Таганский	Славянская площадь	2/5с1	Китай-город	LUMIN
509	Capital Group	developer	https://www.cian.ru/sale/flat/301483027/	Москва	sale	flat	12	18	1	53.4	59653573	Дорогомилово			Москва-Сити	Бадаевский ЖК
510	Intermark Real Estate	real_estate_agent	https://www.cian.ru/sale/flat/300133660/	Москва	sale	flat	3	3	2	107.8	70000000	Покровское-Стрешнево	Ленинградское шоссе	23к1	Балтийская	TWEED PARK
511	Whitewill	real_estate_agent	https://www.cian.ru/sale/flat/303370372/	Москва	sale	flat	4	8	1	57.0	70000000	Таганский	Тессинский переулок	1	Чкаловская	Тессинский, 1
512	Whitewill	real_estate_agent	https://www.cian.ru/sale/flat/299558863/	Москва	sale	flat	2	4	2	136.6	75000000	Донской	Варшавское шоссе	9с28	Тульская	Даниловская мануфактура
513	Monumental Group	real_estate_agent	https://www.cian.ru/sale/flat/300006046/	Москва	sale	flat	4	6	2	156.0	77400000	Тверской	 Малая Дмитровка	29С1	Маяковская	
514	Whitewill Москва-Сити	real_estate_agent	https://www.cian.ru/sale/flat/303920462/	Москва	sale	flat	17	78	2	92.0	80000000	Пресненский	1-й Красногвардейский проезд	22с2	Москва-Сити	NEVA TOWERS
515	Правовой центр жилья	real_estate_agent	https://www.cian.ru/sale/flat/303612164/	Москва	sale	flat	2	8	2	77.4	123000000	Красносельский	Костянский переулок	13	Сретенский бульвар	Клубный дом TURGENEV
516	Soul Estate	real_estate_agent	https://www.cian.ru/sale/flat/302731259/	Москва	sale	flat	5	14	2	82.0	150000000	Хамовники	Трубецкая 	10	Фрунзенская	Дом на Трубецкой
517	Кристина Лебедева	realtor	https://www.cian.ru/sale/flat/300285703/	Москва	sale	flat	3	4	2	36.0	10150000	Соколиная гора	Щербаковская 	53	Измайлово	
518	Life Style	real_estate_agent	https://www.cian.ru/sale/flat/301907258/	Москва	sale	flat	2	12	1	38.7	10600000	Строгино	 Исаковского	2К1	Мякинино	
519	TimeProperty	real_estate_agent	https://www.cian.ru/sale/flat/297704043/	Москва	sale	flat	15	21	1	36.5	16500000	Головинский	Кронштадтский бульвар	к1/2	Водный стадион	Кронштадтский 9
520	Prime	real_estate_agent	https://www.cian.ru/sale/flat/300941020/	Москва	sale	flat	2	28	1	46.3	18400000	Даниловский	1-я оч.	к7	ЗИЛ	Shagal
521	ФСК Агент	real_estate_agent	https://www.cian.ru/sale/flat/303228530/	Москва	sale	flat	19	43	1	39.5	21050000	Хорошево-Мневники	Шелепихинская набережная	40к1	Шелепиха	Sydney City
522	ID 46606378	realtor	https://www.cian.ru/sale/flat/303819109/	Москва	sale	flat	7	39	1	32.3	21777777	Раменки	 Лобачевского	120к1	Аминьевская	Крылья
523	Level Group	developer	https://www.cian.ru/sale/flat/302126131/	Москва	sale	flat	20	26	1	33.5	22848309	Нагатино-Садовники	Нагатинская набережная	10А	Нагатинская	Level Нагатинская
524	ASTERUS	representative_developer	https://www.cian.ru/sale/flat/302828206/	Москва	sale	flat	14	25	1	44.3	23527036	Покровское-Стрешнево			Тушинская	Алиа ЖК
525	Intermark Real Estate	real_estate_agent	https://www.cian.ru/sale/flat/303902689/	Москва	sale	flat	16	41	2	50.5	24380000	Хорошево-Мневники	Шелепихинская набережная	34к5	Шелепиха	Сердце Столицы
526	Премиум Сервис	real_estate_agent	https://www.cian.ru/sale/flat/300644939/	Москва	sale	flat	9	29	1	35.4	25000000	Хорошево-Мневники	Шелепихинская набережная	34к4	Шелепиха	Сердце Столицы
527	Intermark Real Estate	real_estate_agent	https://www.cian.ru/sale/flat/302727288/	Москва	sale	flat	11	15	2	53.0	30500000	Аэропорт	Ленинградский проспект	36с39	Динамо	ВТБ Арена парк
528	Prime	real_estate_agent	https://www.cian.ru/sale/flat/294562801/	Москва	sale	flat	25	33	2	69.8	36800000	Хорошево-Мневники	Причальный проезд	10к1	Шелепиха	Level Причальный
529	ФСК Агент	real_estate_agent	https://www.cian.ru/sale/flat/300299470/	Москва	sale	flat	22	44	2	85.7	38000000	Хорошево-Мневники	 Шеногина		Шелепиха	Sydney City
530	HYDE Residences	real_estate_agent	https://www.cian.ru/sale/flat/303399320/	Москва	sale	flat	50	85	2	92.0	43000000	Пресненский	1-й Красногвардейский проезд	21с2	Деловой центр	МФК ОКО
531	Kalinka Group	real_estate_agent	https://www.cian.ru/sale/flat/302893025/	Москва	sale	flat	28	29	2	53.0	44000000	Якиманка	Мытная 	40к4	Октябрьская	Sky House
532	Intermark Real Estate	real_estate_agent	https://www.cian.ru/sale/flat/302620422/	Москва	sale	flat	11	12	2	77.0	64000000	Аэропорт	Ленинградский проспект	36с36	Динамо	ВТБ Арена парк
533	ТСН Владис	real_estate_agent	https://www.cian.ru/sale/flat/296233811/	Москва	sale	flat	20	25	1	33.9	8000000			6	Коммунарка	
534	Колди	developer	https://www.cian.ru/sale/flat/302241111/	Москва	sale	flat	12	21	1	38.59	11281238	Нижегородский	Автомобильный проезд	4	Калитники	N’ice Loft
535	Whitewill	real_estate_agent	https://www.cian.ru/sale/flat/299064211/	Москва	sale	flat	8	16	1	29.2	15300000	Хорошево-Мневники	 Нижние Мневники		Мнёвники	Остров
536	MR Group	developer	https://www.cian.ru/sale/flat/298871546/	Москва	sale	flat	38	48	1	34.8	16136690	Покровское-Стрешнево	Вишневая 	7С128	Тушинская	Мультиквартал CITYZEN
537	Адресат	real_estate_agent	https://www.cian.ru/sale/flat/303608215/	Москва	sale	flat	18	33	2	57.0	16200000	Южное Бутово	 Поляны	5Ак2	Улица Скобелевская	Столичные поляны
538	Whitewill	real_estate_agent	https://www.cian.ru/sale/flat/298484253/	Москва	sale	flat	3	14	1	38.8	16500000	Даниловский	проспект Лихачева		ЗИЛ	Nagatino i-Land
539	Whitewill	real_estate_agent	https://www.cian.ru/sale/flat/303253613/	Москва	sale	flat	4	15	1	30.2	17500000	Хорошевский	Ходынский бульвар	20А	ЦСКА	Лайнер
540	Whitewill	real_estate_agent	https://www.cian.ru/sale/flat/301313976/	Москва	sale	flat	26	42	2	46.0	22500000	Котловка	Большая Черемушкинская 	25С14	Нагорная	Eniteo
541	Dream Realty	real_estate_agent	https://www.cian.ru/sale/flat/300877720/	Москва	sale	flat	25	37	2	57.0	23000000	Останкинский	 Годовикова	11к5	Алексеевская	iLove
542	Whitewill	real_estate_agent	https://www.cian.ru/sale/flat/299110205/	Москва	sale	flat	7	11	1	39.8	24950000	Басманный	 Казакова	7	Курская	KAZAKOV Grand Loft
543	Whitewill	real_estate_agent	https://www.cian.ru/sale/flat/296569807/	Москва	sale	flat	50	55	2	42.62	26750000	Марьина роща	 4-я Марьиной рощи	12С4	Марьина Роща	Mod
544	Whitewill	real_estate_agent	https://www.cian.ru/sale/flat/297075052/	Москва	sale	flat	50	55	2	42.47	26750000	Марьина роща	 4-я Марьиной рощи	12С4	Марьина Роща	Mod
545	TOUCH	developer	https://www.cian.ru/sale/flat/302838431/	Москва	sale	flat	8	13	1	45.55	29049000	Южнопортовый		к2	Дубровка	Шампайн ЖК
546	Century 21 Premium Property	real_estate_agent	https://www.cian.ru/sale/flat/298749234/	Москва	sale	flat	4	25	2	71.0	30600000	Раменки	 Янковского	1к3	Аминьевская	Событие
547	Арт Риэлти	real_estate_agent	https://www.cian.ru/sale/flat/303122846/	Москва	sale	flat	17	22	2	73.3	32000000	Щукино	Щукинская 	3	Стрешнево	Интонация
